Project ID,ISO,Queue Date,Status,Withdrawn Date,Proposed Date,Study Cycle,Study Phase,POI Name,Transmission Owner,MW Capacity,Fuel Type
AH1-563,PJM,2021-09-11,Active,,2029-06-01,TC2,PHASE 2,Aurora E.C. 138kV,ComEd,150.00,Storage
AG2-344,PJM,2021-03-26,Withdrawn,2025-12-02,2028-12-31,TC2,Decision Point 1,Dequine 345 bkV,AEP,78.00,Storage
AH1-570,PJM,2021-09-10,Active,,,TC2,PHASE 2,Millersburg 69 kV,EKPC,15.60,Solar
AH1-571,PJM,2021-09-10,Active,,,TC2,PHASE 2,Millersburg 69 kV,EKPC,12.50,Solar
AH1-617,PJM,2021-09-10,Active,,2028-12-31,TC2,PHASE 2,Harbert Metering 138 kV,AEP,120.00,Solar
AH1-644,PJM,2021-09-15,Withdrawn,2025-12-01,2030-06-01,TC2,Decision Point 1,Spicewood Metering 138 kV,AEP,65.00,Solar
AH1-427,PJM,2021-09-10,Withdrawn,2025-11-26,2028-04-01,TC2,Decision Point 1,Tommy Gooch - Garrard County 69 kV,EKPC,60.00,Solar
AH1-136,PJM,2021-08-25,Withdrawn,2025-12-02,2026-12-01,TC2,Decision Point 1,Falcon - Middle Creek 46 kV,AEP,12.00,Solar
AH1-163,PJM,2021-09-01,Withdrawn,2025-01-28,2025-07-31,TC2,APPLICATION REVIEW,Millersburg 69 kV,EKPC,60.00,Solar
AH1-721,PJM,2025-04-02,Active,,,TC2,PHASE 2,Laurel-Cooper 161 kV,EKPC,758.95,Thermal
AH1-749,PJM,,Withdrawn,2025-05-02,2028-12-12,TC2,RRI APPLICATION REVIEW,,EKPC,216.00,Thermal
AH1-189,PJM,2021-08-31,Withdrawn,2025-07-03,2025-06-01,TC2,PHASE 1,Hopkins 138 kV,AEP,84.00,Solar
AG2-466,PJM,2021-03-30,Withdrawn,2025-07-03,2024-06-30,TC2,PHASE 1,Culloden - Wyoming 765 kV,AEP,198.00,Solar
AG2-509,PJM,2021-03-31,Withdrawn,2025-03-04,2024-06-01,TC2,APPLICATION REVIEW,Robinson 69 kV,AEP,36.30,Hybrid
AG2-568,PJM,2021-03-31,Active,,,TC2,PHASE 2,Stink Run - Sundial 138 kV,AEP,48.00,Solar
AG2-447,PJM,2021-03-30,Active,,,TC2,PHASE 2,Cedar Creek 138 kV VII,DPL,12.00,Solar
AH1-761,PJM,,Withdrawn,2025-05-02,2029-04-30,TC2,RRI APPLICATION REVIEW,,DPL,71.00,Storage
AH1-760,PJM,,Withdrawn,2025-05-02,2028-10-31,TC2,RRI APPLICATION REVIEW,,DPL,31.00,Storage
AH1-027,PJM,2021-05-20,Withdrawn,2025-12-01,2027-05-01,TC2,Decision Point 1,Cartanza 230 kV,DPL,15.00,Solar
AG1-497,PJM,2020-09-30,Withdrawn,2025-01-22,2023-06-30,TC1,PHASE 2,Cartanza 230 kV,DPL,84.00,Hybrid
AG1-061,PJM,2020-07-29,Withdrawn,2024-06-25,2021-12-31,TC1,PHASE 1,Laurel-Sharptown 69 kV,DPL,65.58,Solar
AF2-193,PJM,2020-03-23,Withdrawn,2024-06-21,2026-10-31,TC1,PHASE 1,Indian River 230 kV I,DPL,119.00,Wind
AF2-194,PJM,2020-03-23,Withdrawn,2024-06-21,2026-10-31,TC1,PHASE 1,Indian River 230 kV II,DPL,119.00,Wind
AG2-347,PJM,2021-03-26,Withdrawn,2025-11-21,2030-12-31,TC2,Decision Point 1,Indian River 230 kV II,DPL,121.20,Wind
AG2-348,PJM,2021-03-26,Withdrawn,2025-02-25,2025-08-31,TC2,APPLICATION REVIEW,Indian River 230 kV II,DPL,242.30,Wind
AH1-672,PJM,2020-09-30,Active,,,TC2,PHASE 2,Farmview 138 kV,DPL,48.90,Solar
AH1-634,PJM,2021-09-13,Withdrawn,2025-11-21,2027-12-31,TC2,Decision Point 1,Indian River 230kV I,DPL,17.70,Wind
AH1-584,PJM,2021-09-10,Withdrawn,2025-12-02,2028-10-31,TC2,Decision Point 1,Nelson-Indian River 138kV,DPL,30.00,Solar
AH1-585,PJM,2021-09-10,Withdrawn,2025-12-02,2028-10-31,TC2,Decision Point 1,Nelson-Indian River 138kV,DPL,30.00,Solar
AH1-586,PJM,2021-09-10,Withdrawn,2025-12-02,2028-10-31,TC2,Decision Point 1,Nelson-Indian River 138kV,DPL,45.00,Storage
AF2-393,PJM,2020-03-31,Withdrawn,2025-01-22,2024-09-01,TC1,PHASE 2,Nelson-Dixon 138 kV,ComEd,55.00,Storage
AF2-394,PJM,2020-03-31,Withdrawn,2025-01-22,2024-09-01,TC1,PHASE 2,Nelson-Dixon 138 kV,ComEd,40.00,Storage
AH1-047,PJM,2021-07-06,Withdrawn,2025-12-03,2028-12-12,TC2,Decision Point 1,Marengo - Belvidere 138 kV,ComEd,37.00,Solar
AG1-121,PJM,2020-08-31,Withdrawn,2024-06-24,2024-12-31,TC1,PHASE 1,Kewanee-Streator 138 kV,ComEd,51.90,Wind
AG1-435,PJM,2020-09-30,Withdrawn,2025-02-21,2023-12-31,TC1,DP2,Kewanee-Hennepin 138 kV,ComEd,35.20,Wind
AG1-460,PJM,2020-09-30,Done,,2030-12-15,TC1,FINAL AGREEMENT,Kincaid-Pana 345 kV,ComEd,12.00,Storage
AE2-261,PJM,2019-03-28,Done,,2030-12-15,TC1,FINAL AGREEMENT,Kincaid-Pana 345 kV,ComEd,179.40,Solar
AF1-252,PJM,2019-09-30,Withdrawn,2024-06-24,2022-09-01,TC1,PHASE 1,Kincaid-Pana,ComEd,62.40,Storage
AF1-253,PJM,2019-09-30,Withdrawn,2024-06-24,2022-09-01,TC1,PHASE 1,Kincaid-Pana,ComEd,43.20,Storage
AF2-441,PJM,2020-03-31,Done,,2030-05-31,TC1,FINAL AGREEMENT,Burnham 138kV,ComEd,80.00,Storage
AG1-298,PJM,2020-09-29,Withdrawn,2025-01-22,2023-06-01,TC1,PHASE 2,Calumet-Burnham 345 kV,ComEd,500.00,Storage
AH1-673,PJM,2020-09-30,Active,,,TC2,PHASE 2,State Line - River Energy Center 138 kV,ComEd,85.00,Storage
AG2-575,PJM,2021-03-31,Withdrawn,2025-12-04,2029-05-11,TC2,Decision Point 1,Crego Rd. 138 kV,ComEd,80.00,Hybrid
AG1-127,PJM,2020-08-31,Done,,2028-05-31,TC1,FINAL AGREEMENT,Crego Rd 138 kV,ComEd,57.10,Solar
AG1-118,PJM,2020-08-31,Done,,2030-03-21,TC1,FINAL AGREEMENT,Sugar Grove-Waterman 138kV,ComEd,180.00,Solar
AG1-119,PJM,2020-08-31,Withdrawn,2024-06-24,2023-12-29,TC1,PHASE 1,Wayne-Byron 345 kV,ComEd,180.00,Solar
AG1-120,PJM,2020-08-31,Withdrawn,2025-01-22,2023-12-29,TC1,PHASE 2,Glidden-Cherry Valley 138 kV,ComEd,71.16,Solar
AG1-423,PJM,2020-09-30,Withdrawn,2024-06-24,2023-12-29,TC1,PHASE 1,Byron-Wayne 345 kV,ComEd,120.00,Solar
AE2-107,PJM,2019-02-28,Withdrawn,2024-06-21,2022-12-31,TC1,PHASE 1,Haumesser Road 138 kV,ComEd,54.00,Solar
AH1-285,PJM,2021-09-09,Withdrawn,2025-12-02,2029-12-31,TC2,Decision Point 1,Sandwich 138 kV,ComEd,11.18,Solar
AH1-541,PJM,2021-09-10,Active,,,TC2,PHASE 2,Chestnut 345 kV,ComEd,27.72,Hybrid
AG2-524,PJM,2021-03-31,Active,,,TC2,PHASE 2,LaSalle Station - Mazon 138  kV,ComEd,110.00,Hybrid
AG2-585,PJM,2021-03-31,Active,,,TC2,PHASE 2,Kensignton 138kV,ComEd,33.00,Solar
AF2-095,PJM,2020-02-13,Done,,2031-03-31,TC1,FINAL AGREEMENT,Davis Creek 138 kV,ComEd,86.40,Solar
AF2-350,PJM,2020-03-31,Done,,2029-06-30,TC1,FINAL AGREEMENT,Kensington 138 kV,ComEd,60.00,Solar
AF2-351,PJM,2020-03-31,Withdrawn,2024-06-24,2023-12-01,TC1,PHASE 1,Kensington 138 kV,ComEd,8.00,Storage
AF2-329,PJM,2020-03-30,Withdrawn,2025-01-22,2023-12-01,TC1,PHASE 2,Sandwich-Plano 138 kV,ComEd,42.20,Storage
AF2-034,PJM,2019-10-28,Withdrawn,2025-01-22,2021-06-01,TC1,PHASE 2,Kendall 345kV,ComEd,10.80,Hybrid
AE2-341,PJM,2019-03-31,Done,,2030-05-30,TC1,FINAL AGREEMENT,Sandwich-Plano 138 kV,ComEd,100.60,Solar
AF1-030,PJM,2019-05-17,Done,,2030-05-30,TC1,FINAL AGREEMENT,Sandwich-Plano 138 kV,ComEd,66.90,Solar
AF1-200,PJM,2019-09-25,Withdrawn,2025-01-22,2025-01-31,TC1,PHASE 2,Plano 345 kV,ComEd,2035.00,Unknown
AG2-453,PJM,2021-03-30,Active,,,TC2,PHASE 2,Lasalle - Plano 345 kV,ComEd,196.00,Solar
AH1-045,PJM,2021-07-01,Withdrawn,2025-02-27,2023-06-01,TC2,APPLICATION REVIEW,Zion Energy Center 345 kV ,ComEd,13.80,Solar
AH1-714,PJM,2025-04-09,Active,,,TC2,PHASE 2,Lasalle 345 kV,ComEd,174.10,Nuclear
AG2-061,PJM,2020-12-11,Active,,,TC2,PHASE 2,Dana 345 kV,ComEd,20.00,Storage
AF2-128,PJM,2020-02-28,Withdrawn,2024-06-25,2024-08-26,TC1,DP1,Crescent Ridge-Corbin 138 kV,ComEd,13.99,Wind
AF2-142,PJM,2020-03-12,Done,,2029-05-28,TC1,FINAL AGREEMENT,Nevada 345 kV,ComEd,90.00,Solar
AF2-143,PJM,2020-03-12,Done,,2029-05-28,TC1,FINAL AGREEMENT,Powerton-Nevada 345 kV,ComEd,90.00,Solar
AF2-319,PJM,2020-03-30,Done,,2029-03-31,TC1,FINAL AGREEMENT,Katydid Road 345 kV,ComEd,20.00,Storage
AF2-226,PJM,2020-03-26,Done,,2029-03-31,TC1,FINAL AGREEMENT,Katydid Road 345 kV,ComEd,20.00,Storage
AF2-183,PJM,2020-03-20,Withdrawn,2024-06-24,2022-12-01,TC1,PHASE 1,Nelson-Lee County 345 kV,ComEd,32.00,Storage
AF2-392,PJM,2020-03-31,Withdrawn,2025-11-03,2024-09-01,TC1,PHASE 3,Nelson-Dixon 138 kV,ComEd,35.20,Wind
AF2-199,PJM,2020-03-24,Done,,2031-03-31,TC1,FINAL AGREEMENT,Nelson-Electric Junction 345 kV,ComEd,60.00,Solar
AF2-200,PJM,2020-03-24,Done,,2031-03-31,TC1,FINAL AGREEMENT,Nelson-Electric Junction 345 kV,ComEd,120.00,Solar
AF2-041,PJM,2019-12-09,Done,,2031-03-31,TC1,FINAL AGREEMENT,Nelson-Electric Junction 345 kV,ComEd,180.00,Solar
AG1-434,PJM,2020-09-30,Withdrawn,2025-01-22,2023-12-31,TC1,DP2,Electric Junction-Nelson 345 kV,ComEd,35.20,Wind
AG1-371,PJM,2020-09-30,Withdrawn,2024-06-21,2024-11-01,TC1,PHASE 1,Nelson-Electric Junction 345 kV,ComEd,30.00,Storage
AG1-373,PJM,2020-09-30,Withdrawn,2024-06-21,2024-11-01,TC1,PHASE 1,Nelson-Electric Junction 345 kV,ComEd,10.00,Storage
AH1-718,PJM,2025-04-07,Active,,,TC2,PHASE 2,Nelson 345 kV,ComEd,38.00,Thermal
AH1-700,PJM,,Withdrawn,2025-04-14,2028-05-29,TC2,RRI APPLICATION REVIEW,,ComEd,37.00,Thermal
AG2-660,PJM,2021-03-31,Active,,,TC2,PHASE 2,Nelson-Electric Junction 345 kV,ComEd,20.00,Storage
AH1-044,PJM,2021-06-30,Active,,,TC2,PHASE 2,Nelson - Electric Junction 345 kV,ComEd,120.00,Solar
AH1-150,PJM,2021-08-28,Active,,,TC2,PHASE 2,Nelson-Electric Junction 345 kV,ComEd,120.00,Solar
AH1-151,PJM,2021-08-27,Active,,,TC2,PHASE 2,Nelson-Electric Junction 345 kV,ComEd,120.00,Solar
AH1-338,PJM,2021-09-10,Active,,,TC2,PHASE 2,New Sub S2354 138kV,ComEd,23.40,Solar
AH1-543,PJM,2021-09-11,Active,,,TC2,PHASE 2,Mulberry - Tazewell 345 kV,ComEd,31.48,Hybrid
AH1-755,PJM,,Withdrawn,2025-05-02,2029-12-01,TC2,RRI APPLICATION REVIEW,,ComEd,330.00,Hybrid
AG1-321,PJM,2020-09-30,Withdrawn,2024-06-21,2023-10-01,TC1,PHASE 1,Dresden-Pontiac Midpoint 345 kV,ComEd,126.40,Solar
AE1-172,PJM,2018-09-25,Withdrawn,2026-02-09,2021-10-01,TC1,PHASE 1,Loretto-Wilton Center,ComEd,44.88,Wind
AG2-114,PJM,2021-01-29,Active,,,TC2,PHASE 2,Dresden-Pontiac Midpoint 345 kV,ComEd,60.00,Solar
AG2-467,PJM,2021-03-31,Withdrawn,2025-07-03,2025-12-31,TC2,PHASE 1,Beason 345 kV ,ComEd,69.00,Solar
AG1-236,PJM,2020-09-25,Withdrawn,2025-11-03,2024-12-31,TC1,PHASE 3,Lanesville-Brokaw 345 kV,ComEd,23.40,Wind
AH1-296,PJM,2021-09-10,Withdrawn,2025-07-03,2025-12-31,TC2,PHASE 1,Beason 345 kV ,ComEd,60.00,Storage
AH1-196,PJM,2021-09-02,Active,,,TC2,PHASE 2,Silver Lake - Cherry Valley 345 kV,ComEd,90.00,Solar
AF1-048,PJM,2019-06-28,Withdrawn,2025-01-22,2023-12-01,TC1,PHASE 2,Belvidere-Marengo,ComEd,31.32,Storage
AE2-321,PJM,2019-03-30,Withdrawn,2025-11-03,2021-12-01,TC1,PHASE 3,Belvidere-Marengo 138 kV,ComEd,67.00,Solar
AG2-544,PJM,2021-03-31,Active,,,TC2,PHASE 2,Silver Lake 345 kV,ComEd,80.00,Storage
AG2-545,PJM,2021-03-31,Active,,,TC2,PHASE 2,Silver Lake 345 kV,ComEd,160.00,Storage
AF2-225,PJM,2020-03-26,Done,,2029-12-31,TC1,FINAL AGREEMENT,McLean 345 kV,ComEd,63.00,Solar
AE2-223,PJM,2019-03-22,Done,,2029-12-31,TC1,FINAL AGREEMENT,McLean 345 kV,ComEd,19.50,Wind
AE2-173,PJM,2019-03-18,Withdrawn,2025-11-03,2022-12-31,TC1,PHASE 3,McLean 345 kV,ComEd,50.00,Storage
AG1-374,PJM,2020-09-30,Done,,2030-02-28,TC1,FINAL AGREEMENT,Blue Mound 345 kV,ComEd,180.00,Solar
AG1-399,PJM,2020-09-30,Withdrawn,2024-06-24,2024-09-24,TC1,PHASE 1,Blue Mound-Chestnut 345 kV,ComEd,52.80,Wind
AG1-400,PJM,2020-09-30,Withdrawn,2024-06-24,2024-09-24,TC1,PHASE 1,Blue Mound-Chestnut 345 kV,ComEd,150.00,Storage
AH1-670,PJM,2020-09-30,Withdrawn,2025-12-03,2029-12-31,TC2,Decision Point 1,Blue Mound-Chestnut 345 kV,ComEd,49.60,Wind
AG1-402,PJM,2020-09-30,Withdrawn,2024-06-24,2024-09-24,TC1,PHASE 1,Blue Mound-Chestnut 345 kV,ComEd,150.00,Storage
AG1-404,PJM,2020-09-30,Withdrawn,2024-06-24,2024-09-24,TC1,PHASE 1,Blue Mound-Chestnut 345 kV,ComEd,100.00,Storage
AH1-294,PJM,2021-09-11,Withdrawn,2025-07-03,2025-12-31,TC2,PHASE 1,Mclean 345 kV ,ComEd,60.00,Solar
AH1-295,PJM,2021-09-10,Withdrawn,2025-07-03,2025-12-31,TC2,PHASE 1,Brokaw to Mt Pulaski 345 kV,ComEd,22.88,Wind
AH1-146,PJM,2021-08-26,Withdrawn,2025-11-21,2029-10-31,TC2,Decision Point 1,White Rock - Wayne 345 kV,ComEd,120.00,Solar
AH1-147,PJM,2021-08-27,Withdrawn,2025-11-21,2029-10-31,TC2,Decision Point 1,White Rock - Wayne 345 kV,ComEd,120.00,Solar
AH1-148,PJM,2021-08-26,Withdrawn,2025-07-03,2025-12-31,TC2,PHASE 1,White Rock - Wayne 345 kV  ,ComEd,120.00,Solar
AH1-540,PJM,2021-09-10,Withdrawn,2025-07-03,2025-03-01,TC2,PHASE 1,Byron to Wayne 345 kV,ComEd,33.00,Hybrid
AH1-341,PJM,2021-09-10,Active,2026-01-13,,TC2,PHASE 2,ESS-H445 3B 138kv,ComEd,96.60,Solar
AH1-702,PJM,2025-04-07,Active,,,TC2,PHASE 2,Byron 345 kV,ComEd,43.00,Nuclear
AE1-114,PJM,2018-09-13,Done,,2029-09-01,TC1,FINAL AGREEMENT,Maryland-Lancaster 138 kV,ComEd,34.00,Wind
AF1-318,PJM,2019-09-30,Withdrawn,2024-06-21,2022-09-15,TC1,PHASE 1,Crescent Ridge-Corbin,ComEd,52.79,Wind
AH1-769,PJM,,Withdrawn,2025-05-02,2028-02-15,TC2,RRI APPLICATION REVIEW,,ComEd,101.20,Hybrid
AG2-675,PJM,2021-03-31,Active,,,TC2,PHASE 2,Cordova 345 kV,ComEd,32.00,Storage
AG2-527,PJM,2021-03-31,Withdrawn,2025-07-03,2025-12-31,TC2,PHASE 1,Kewanee-Toulon 138 kV ,ComEd,26.00,Wind
AH1-297,PJM,2021-09-10,Withdrawn,2025-07-03,2025-12-31,TC2,PHASE 1,Kewanee - E.D. Edwards 138 kV,ComEd,26.00,Wind
AH1-353,PJM,2021-09-10,Withdrawn,2025-07-03,2024-09-10,TC2,PHASE 1,Lena 138 kV,ComEd,12.00,Solar
AH1-354,PJM,2021-09-10,Withdrawn,2025-07-03,2024-09-10,TC2,PHASE 1,Lena 138 kV,ComEd,40.00,Storage
AF1-314,PJM,2019-09-30,Withdrawn,2025-01-22,2022-09-15,TC1,PHASE 2,Lena - Lancaster 138 kV,ComEd,37.20,Wind
AF2-201,PJM,2020-03-24,Withdrawn,2025-01-22,2023-05-31,TC1,PHASE 2,Lena - Lancaster 138 kV,ComEd,51.40,Hybrid
AG1-005,PJM,2020-04-29,Withdrawn,2025-01-22,2023-10-01,TC1,PHASE 2,Corbin-Crescent Ridge 138 kV,ComEd,120.00,Solar
AG2-363,PJM,2021-03-26,Active,,,TC2,PHASE 2,Powerton 345 kV,ComEd,180.00,Solar
AG2-364,PJM,2021-03-26,Active,,,TC2,PHASE 2,Powerton 345 kV,ComEd,120.00,Solar
AG1-462,PJM,2020-10-01,Done,,2029-09-30,TC1,FINAL AGREEMENT,Cordova 345 kV,ComEd,153.00,Solar
AF1-296,PJM,2019-09-30,Done,,2029-09-30,TC1,FINAL AGREEMENT,Garden Plain 138 kV,ComEd,33.60,Wind
AE1-070,PJM,2018-07-31,Withdrawn,2025-01-22,2020-12-31,TC1,PHASE 2,Elwood 345 kV,ComEd,135.00,Thermal
AF2-096,PJM,2020-02-12,Withdrawn,2025-01-22,2022-05-31,TC1,PHASE 2,Braidwood-East Frankfort 345 kV,ComEd,180.00,Solar
AG2-357,PJM,2021-03-26,Withdrawn,2025-07-03,2024-11-15,TC2,PHASE 1,Wilton 345 kV ,ComEd,250.00,Storage
AH1-560,PJM,2021-09-10,Withdrawn,2025-06-30,2025-06-01,TC2,PHASE 1,University Park 138 kV,ComEd,150.00,Storage
AH1-567,PJM,2021-09-10,Active,,2025-11-27,TC2,PHASE 2,University Park 138 kV,ComEd,5.00,Thermal
AH1-698,PJM,2025-04-08,Active,,,TC2,PHASE 2,Braidwood 345 kV,ComEd,57.60,Nuclear
AH1-762,PJM,,Withdrawn,2025-05-02,2028-05-31,TC2,RRI APPLICATION REVIEW,,ComEd,225.00,Storage
AH1-763,PJM,,Withdrawn,2025-05-02,2028-05-31,TC2,RRI APPLICATION REVIEW,,ComEd,100.00,Storage
AH1-234,PJM,2021-09-10,Withdrawn,2025-11-27,2028-12-31,TC2,Decision Point 1,Wempletown 345 kV,ComEd,29.12,Solar
AH1-564,PJM,2021-09-10,Active,,2029-06-01,TC2,PHASE 2,Rockford II 138 kV,ComEd,150.00,Storage
AG2-516,PJM,2021-03-31,Active,,,TC2,PHASE 2,Pecatonica 138kV,ComEd,72.00,Solar
AG1-379,PJM,2020-09-30,Withdrawn,2024-06-24,2023-08-31,TC1,PHASE 1,Minonk 345 kV,ComEd,137.20,Solar
AH1-361,PJM,2021-09-10,Withdrawn,2025-03-12,2024-09-10,TC2,APPLICATION REVIEW,Minonk 345 kV,ComEd,50.00,Storage
AG1-225,PJM,2020-09-24,Withdrawn,2024-06-21,2023-12-01,TC1,PHASE 1,Adams 138 kV,AEP,207.00,Solar
AG1-424,PJM,2020-09-30,Withdrawn,2024-06-24,2023-12-29,TC1,PHASE 1,Sowers 138 kV,AEP,60.00,Solar
AG2-370,PJM,2021-03-26,Active,,,TC2,PHASE 2,Tillman 138 kV,AEP,20.00,Storage
AG2-400,PJM,2021-03-30,Withdrawn,2025-11-11,2029-05-01,TC2,Decision Point 1,Allen 345 kV,AEP,60.00,Solar
AG2-402,PJM,2021-03-30,Withdrawn,2025-11-11,2029-05-01,TC2,Decision Point 1,Allen 345 kV,AEP,20.00,Storage
AG2-408,PJM,2021-03-30,Withdrawn,2025-11-11,2028-05-01,TC2,Decision Point 1,Allen 345 kV,AEP,18.00,Solar
AH1-549,PJM,2021-09-10,Withdrawn,2025-07-03,2025-12-31,TC2,PHASE 1,Allen - RP Mone 345 kV,AEP,108.00,Solar
AH1-768,PJM,,Withdrawn,2025-05-02,2029-05-29,TC2,RRI APPLICATION REVIEW,,AEP,110.00,Storage
AG1-433,PJM,2020-09-30,Done,,2029-05-31,TC1,FINAL AGREEMENT,Keystone-DeSoto 345 kV,AEP,17.60,Wind
AG1-375,PJM,2020-09-30,Withdrawn,2025-11-03,2024-10-31,TC1,PHASE 3,Sorenson-Desoto 345 kV,AEP,60.00,Solar
AF2-068,PJM,2020-01-30,Done,,2030-03-31,TC1,FINAL AGREEMENT,Jay 138 kV,AEP,90.00,Solar
AF2-177,PJM,2020-03-20,Done,,2030-09-17,TC1,FINAL AGREEMENT,Sorenson-DeSoto #2 345 kV,AEP,26.00,Wind
AF2-388,PJM,2020-03-31,Done,,2029-05-31,TC1,FINAL AGREEMENT,Keystone-Desoto 345 kV ,"AEP,OVEC",35.20,Wind
AG2-331,PJM,2021-03-25,Withdrawn,2025-11-27,2028-12-31,TC2,Decision Point 1,Jefferson-Greentown 765 kV,AEP,156.00,Storage
AG2-164,PJM,2021-02-25,Withdrawn,2025-11-27,2028-12-31,TC2,Decision Point 1,Jefferson-Greentown 765 kV,AEP,35.10,Solar
AG2-219,PJM,2021-03-09,Withdrawn,2025-11-27,2028-12-31,TC2,Decision Point 1,Jefferson-Greentown 765 kV,AEP,42.90,Solar
AG2-085,PJM,2021-01-22,Withdrawn,2025-12-02,2027-12-31,TC2,Decision Point 1,Delaware-Royerton 138 kV,AEP,24.00,Solar
AG2-519,PJM,2021-03-31,Active,,,TC2,PHASE 2,Royerton - Desoto 138 kV,AEP,66.50,Hybrid
AF2-370,PJM,2020-03-31,Withdrawn,2025-11-04,2023-12-31,TC1,PHASE 3,Delaware-Royerton 138 kV,AEP,20.00,Storage
AF2-335,PJM,2020-03-31,Withdrawn,2025-11-04,2023-12-31,TC1,PHASE 3,Delaware-Royerton 138 kV,AEP,60.00,Solar
AF2-173,PJM,2020-03-19,Withdrawn,2025-11-03,2023-10-31,TC1,PHASE 3,Desoto 345 kV,AEP,84.00,Solar
AG1-367,PJM,2020-09-30,Withdrawn,2025-11-03,2024-10-31,TC1,PHASE 3,DeSoto 345 kV,AEP,60.00,Solar
AH1-742,PJM,,Withdrawn,2025-05-02,2029-10-30,TC2,RRI APPLICATION REVIEW,Delaware-Royerton 138 kV,AEP,20.00,Storage
AH1-307,PJM,2021-09-11,Withdrawn,2025-07-03,2025-12-31,TC2,PHASE 1,Delaware-Van Buren 138 kV,AEP,50.00,Storage
AH1-304,PJM,2021-09-11,Active,,,TC2,PHASE 2,Delaware-Van Buren 138 kV,AEP,9.80,Solar
AG2-332,PJM,2021-03-25,Active,,,TC2,PHASE 2,East Elkhart - Elcona Tap 138 kV,AEP,100.00,Storage
AG1-224,PJM,2020-09-24,Withdrawn,2024-06-21,2023-12-01,TC1,PHASE 1,Pendleton-Tanners Creek 138 kV,AEP,126.00,Solar
AG1-226,PJM,2020-09-24,Done,,2029-03-31,TC1,FINAL AGREEMENT,Dequine-Eugene 345 kV,AEP,142.00,Solar
AG2-163,PJM,2021-02-25,Active,,,TC2,PHASE 2,Dequine-Eugene 345 kV,AEP,35.00,Solar
AG2-345,PJM,2021-03-26,Active,,,TC2,PHASE 2,Eugene - Dequine 345 kV,AEP,39.00,Storage
AG2-343,PJM,2021-03-26,Active,,,TC2,PHASE 2,Eugene - Dequine 345 kV,AEP,78.00,Storage
AG2-454,PJM,2021-03-30,Withdrawn,2025-04-06,2024-03-31,TC2,PHASE 1,Dequine - Eugene 345 kV,AEP,210.00,Solar
AG2-455,PJM,2021-03-30,Withdrawn,2025-04-06,2024-03-31,TC2,PHASE 1,Dequine - Sullivan 345 kV,AEP,196.00,Solar
AF1-221,PJM,2019-09-27,Withdrawn,2025-01-22,2022-06-01,TC1,PHASE 2,College Corner-Drewersburg 138 kV,AEP,25.20,Solar
AG2-191,PJM,2021-02-27,Active,,,TC2,PHASE 2,Mississinewa 138 kV,AEP,18.00,Hybrid
AG2-192,PJM,2021-02-27,Active,,,TC2,PHASE 2,Mississinewa 138 kV,AEP,11.40,Hybrid
AH1-306,PJM,2021-09-11,Active,,,TC2,PHASE 2,Mississinewa-Gaston 138 kV,AEP,28.80,Solar
AG2-487,PJM,2021-03-31,Active,,,TC2,PHASE 2,Madison - Tanners Creek 138 kV,AEP,10.60,Solar
AG2-084,PJM,2021-01-22,Withdrawn,2025-04-03,2023-12-31,TC2,APPLICATION REVIEW,Greentown 138 kV,AEP,40.00,Storage
AH1-291,PJM,2021-09-10,Withdrawn,2025-07-03,2025-12-31,TC2,PHASE 1,Rock Creek-Hummel Creek 138 kV,AEP,111.00,Solar
AH1-041,PJM,2021-06-23,Withdrawn,2025-07-03,2025-07-01,TC2,PHASE 1,Pennville 138 kV,AEP,75.00,Solar
AH1-308,PJM,2021-09-10,Withdrawn,2025-12-03,2030-12-31,TC2,Decision Point 1,Pennville - Adams 138 kV,AEP,50.00,Storage
AG1-447,PJM,2020-09-30,Done,,2027-12-01,TC1,FINAL AGREEMENT,Olive-University Park 345 kV,AEP,55.00,Storage
AG1-436,PJM,2020-09-30,Done,,2027-12-01,TC1,FINAL AGREEMENT,Olive-University Park 345 kV,AEP,75.00,Solar
AF2-407,PJM,2020-03-31,Withdrawn,2026-01-15,2022-06-01,TC1,FINAL AGREEMENT,Fall Creek 345 kV,AEP,300.00,Storage
AG2-165,PJM,2021-02-25,Withdrawn,2025-11-27,2028-12-31,TC2,Decision Point 1,Dumont-Greentown 765 kV,AEP,26.00,Solar
AG2-212,PJM,2021-03-08,Withdrawn,2025-11-27,2028-12-31,TC2,Decision Point 1,Dumont-Greentown 765 kV,AEP,26.00,Solar
AG2-330,PJM,2021-03-25,Withdrawn,2025-11-27,2028-12-31,TC2,Decision Point 1,Dumont - Greentown 765 kV,AEP,156.00,Storage
AG2-328,PJM,2021-03-25,Withdrawn,2025-11-27,2028-12-31,TC2,Decision Point 1,Dumont - Greentown 765 kV,AEP,26.00,Solar
AG2-029,PJM,2020-10-23,Active,,,TC2,PHASE 2,Forest G. Hipple-Dunton Lake 345 kV,AEP,32.50,Solar
AG1-453,PJM,2020-09-30,Withdrawn,2024-06-21,2023-12-31,TC1,PHASE 1,Guardian 138 kV,AEP,84.00,Solar
AG1-454,PJM,2020-09-30,Withdrawn,2024-06-21,2022-12-31,TC1,PHASE 1,Guardian 138 kV,AEP,50.00,Storage
AH1-482,PJM,2021-09-10,Active,,,TC2,PHASE 2,Olive - Reynolds #2 345 kV,AEP,78.00,Storage
AH1-305,PJM,2021-09-10,Active,,,TC2,PHASE 2,Olive - Reynolds 345 kV,AEP,35.72,Solar
AH1-302,PJM,2021-09-10,Active,,,TC2,PHASE 2,Olive - Reynolds 345 kV,AEP,75.00,Storage
AH1-709,PJM,,Withdrawn,2025-05-02,2028-05-31,TC2,RRI APPLICATION REVIEW,Olive-Reynolds #2 345 kV,AEP,80.00,Storage
AG2-637,PJM,2021-03-31,Active,,,TC2,PHASE 2,Randolph - Hodgin 138 kV,AEP,90.00,Solar
AH1-432,PJM,2021-09-10,Withdrawn,2025-07-03,2025-04-01,TC2,PHASE 1,Randolph - Hodgin 138 kV,AEP,60.00,Storage
AH1-337,PJM,2021-09-10,Withdrawn,2025-11-13,2028-12-15,TC2,Decision Point 1,Randolph - Hodgin 138 kV,AEP,39.00,Solar
AG2-401,PJM,2021-03-30,Active,,,TC2,PHASE 2,Losantville 345 kV,AEP,44.00,Solar
AG2-550,PJM,2021-03-31,Active,,,TC2,PHASE 2,Bluff Point - Randolph 138 kV,AEP,60.00,Solar
AG2-551,PJM,2021-03-31,Active,,,TC2,PHASE 2,Bluff Point - Randolph 138 kV,AEP,20.00,Storage
AG2-449,PJM,2021-03-30,Withdrawn,2025-11-27,2028-12-31,TC2,Decision Point 1,Jefferson-Greentown 765 kV,AEP,15.00,Solar
AG2-162,PJM,2021-02-25,Withdrawn,2025-11-27,2028-12-31,TC2,Decision Point 1,Jefferson-Greentown 765 kV,AEP,15.00,Solar
AG1-297,PJM,2020-09-29,Withdrawn,2025-11-03,2023-12-31,TC1,PHASE 3,Hanna-Tanners Creek 345 kV,AEP,75.00,Storage
AE2-130,PJM,2019-02-28,Withdrawn,2024-06-21,2022-12-01,TC1,PHASE 1,Rockport 765 kV,AEP,480.00,Hybrid
AG2-072,PJM,2021-01-06,Active,,,TC2,PHASE 2,Rockport 765 kV,AEP,700.00,Thermal
AG2-230,PJM,2021-03-12,Active,,,TC2,PHASE 2,Dumont 345 kV,AEP,90.00,Solar
AH1-391,PJM,2021-09-10,Withdrawn,2025-12-02,2028-03-15,TC2,Decision Point 1,Olive 138 kV,AEP,67.00,Solar
AH1-392,PJM,2021-09-10,Active,,,TC2,PHASE 2,Gravel Pit-Kankakee 138 kV,AEP,60.00,Solar
AH1-152,PJM,2021-08-27,Withdrawn,2025-07-04,2025-12-31,TC2,PHASE 1,Dumont 345 kV,AEP,30.00,Storage
AH1-153,PJM,2021-08-27,Active,,,TC2,PHASE 2,Dumont 345 kV,AEP,30.00,Solar
AH1-154,PJM,2021-08-27,Withdrawn,2025-07-04,2025-12-31,TC2,PHASE 1,Dumont 345 kV,AEP,30.00,Storage
AG2-245,PJM,2021-03-16,Active,,,TC2,PHASE 2,Olive - Reynolds #1 345 kV,AEP,126.00,Solar
AG1-522,PJM,2020-09-30,Withdrawn,2025-01-22,2023-06-01,TC1,PHASE 2,Sullivan-Rockport 765 kV,AEP,180.00,Solar
AG1-523,PJM,2020-09-30,Withdrawn,2025-01-22,2023-06-01,TC1,PHASE 2,Sullivan-Rockport 765 kV,AEP,180.00,Solar
AG1-524,PJM,2020-09-30,Withdrawn,2025-01-22,2023-06-01,TC1,PHASE 2,Sullivan-Rockport 765 kV,AEP,180.00,Solar
AG1-525,PJM,2020-09-30,Withdrawn,2025-01-22,2023-06-01,TC1,PHASE 2,Sullivan-Rockport 765 kV,AEP,180.00,Solar
AF1-088,PJM,2019-08-30,Withdrawn,2025-11-03,2025-12-31,TC1,PHASE 3,Sullivan 345 kV,AEP,1000.00,Unknown
AF2-008,PJM,2019-10-03,Withdrawn,2025-11-03,2025-12-31,TC1,PHASE 3,Sullivan 345 kV,AEP,500.00,Unknown
AH1-292,PJM,2021-09-10,Active,,,TC2,PHASE 2,Sullivan 345 kV,AEP,44.00,Solar
AG2-690,PJM,2021-03-31,Withdrawn,2025-01-29,2024-06-01,TC2,APPLICATION REVIEW,Sullivan - Rockport 765 kV,AEP,120.00,Storage
AH1-084,PJM,2021-07-30,Withdrawn,2025-07-03,2025-12-31,TC2,PHASE 1,Sullivan 345 kV,AEP,500.00,Unknown
AH1-745,PJM,,Withdrawn,2025-05-02,2031-05-30,TC2,RRI APPLICATION REVIEW,Eugene-Sullivan 345 kV,AEP,707.00,Thermal
AH1-740,PJM,,Withdrawn,2025-05-02,2031-05-30,TC2,RRI APPLICATION REVIEW,Sullivan-Dequine 345 kV,AEP,707.00,Thermal
AF1-204,PJM,2019-09-25,Done,,2029-03-31,TC1,FINAL AGREEMENT,Eugene 345 kV,AEP,63.75,Wind
AG2-126,PJM,2021-01-29,Active,,,TC2,PHASE 2,Eugene 345 kV,AEP,90.00,Hybrid
AG1-471,PJM,2020-09-30,Done,,2029-01-15,TC1,FINAL AGREEMENT,Up Church-Wayne County 69 kV,EKPC,32.40,Solar
AG2-116,PJM,2021-01-29,Withdrawn,2025-07-03,2023-10-31,TC2,PHASE 1,Olive-Reynolds 345 #1 345 kV,AEP,60.00,Hybrid
AG2-014,PJM,2020-10-19,Active,,,TC2,PHASE 2,Meadow Lake 345 kV,AEP,20.00,Storage
AG2-491,PJM,2021-03-31,Active,,,TC2,PHASE 2,Meadow Lake 345 kV,AEP,60.00,Solar
AG2-492,PJM,2021-03-31,Active,,,TC2,PHASE 2,Meadow Lake 345 kV,AEP,20.00,Storage
AH1-298,PJM,2021-09-14,Withdrawn,2025-12-03,2030-12-31,TC2,Decision Point 1,Meridian 345 kV,AEP,75.00,Storage
AH1-239,PJM,2021-09-09,Active,,,TC2,PHASE 2,Upchurch - Zula 69 kV,EKPC,48.00,Solar
AH1-428,PJM,2021-09-10,Withdrawn,2025-07-03,2026-09-01,TC2,PHASE 1,Tommy Gooch - Garrard County 69 kV,EKPC,40.00,Storage
AH1-466,PJM,2021-09-10,Withdrawn,2025-02-25,2024-12-31,TC2,APPLICATION REVIEW,Baker - Broadford 765 kV,AEP,360.00,Solar
AH1-467,PJM,2021-09-10,Withdrawn,2025-02-25,2024-12-31,TC2,APPLICATION REVIEW,Baker - Broadford 765 kV,AEP,120.00,Storage
AG2-159,PJM,2021-02-25,Withdrawn,2025-12-03,2027-11-19,TC2,Decision Point 1,Williamstown 69 kV,EKPC,57.60,Hybrid
AG2-615,PJM,2021-03-31,Withdrawn,2025-12-02,2028-12-31,TC2,Decision Point 1,Carlos Junction-Garrett 138 kV,APS,62.60,Solar
AG2-617,PJM,2021-03-31,Active,,,TC2,PHASE 2,Waugh Chapel 115 kV,BGE,33.00,Solar
AH1-261,PJM,2021-09-10,Active,,,TC2,PHASE 2,Northeast - Riverside 230 kV,BGE,135.00,Storage
AH1-736,PJM,,Withdrawn,2025-05-02,2028-08-01,TC2,RRI APPLICATION REVIEW,,BGE,300.00,Storage
AG2-618,PJM,2021-03-31,Active,,,TC2,PHASE 2,Morgantown Unit 1 and 2,PEPCO,71.50,Solar
AG2-092,PJM,2021-01-26,Withdrawn,2025-07-07,2021-12-31,TC2,PHASE 1,Todd 69 kV,DPL,11.00,Solar
AG1-450,PJM,2020-09-30,Withdrawn,2025-11-03,2022-12-31,TC1,PHASE 3,Airey-Vienna 69 kV II,DPL,25.00,Storage
AF2-358,PJM,2020-03-31,Withdrawn,2025-11-03,2023-12-15,TC1,PHASE 3,Airey-Vienna 69 kV,DPL,60.00,Solar
AH1-739,PJM,,Withdrawn,2025-05-02,2028-12-31,TC2,RRI APPLICATION REVIEW,,DPL,20.00,Storage
AH1-283,PJM,2021-09-09,Active,,,TC2,PHASE 2,Mount Storm-Pruntytown 500kV,APS,120.00,Solar
AG2-505,PJM,2021-03-31,Withdrawn,2025-12-01,2026-06-15,TC2,Decision Point 1,Westvaco - Mt Zion 138 kV,APS,14.00,Hydro
AG2-587,PJM,2021-03-31,Withdrawn,2025-07-07,2024-06-01,TC2,PHASE 1,Graceton 230 kV,BGE,20.00,Hybrid
AH1-725,PJM,2025-04-09,Active,,,TC2,PHASE 2,Conastone 500 kV,BGE,500.00,Storage
AH1-759,PJM,,Withdrawn,2025-05-02,2029-06-11,TC2,RRI APPLICATION REVIEW,,APS,600.00,Storage
AG1-483,PJM,2020-10-01,Done,,2030-02-01,TC1,FINAL AGREEMENT,Dickerson 230 kV,PEPCO,500.00,Storage
AH1-738,PJM,,Withdrawn,2025-05-02,2029-05-31,TC2,RRI APPLICATION REVIEW,Burches Hill - Chalk Point 500 kV,PEPCO,200.00,Storage
AH1-744,PJM,2025-04-11,Active,,2027-11-22,TC2,PHASE 2,Cheltenham 500 kV,PEPCO,48.28,Thermal
AH1-552,PJM,2021-09-10,Active,,,TC2,PHASE 2,Chalk Point 230 kV,PEPCO,670.20,Hybrid
AH1-536,PJM,2021-09-10,Withdrawn,2025-12-02,2028-03-01,TC2,Decision Point 1,Church-Oil City 138kV,DPL,8.50,Hybrid
AG2-380,PJM,2021-03-29,Active,,,TC2,PHASE 2,Carville 138 kV IV,DPL,20.00,Storage
AG2-281,PJM,2021-03-22,Withdrawn,2025-11-24,2027-11-01,TC2,Decision Point 1,Church 138 kV,DPL,50.00,Storage
AH1-356,PJM,2021-09-10,Withdrawn,2025-03-14,2023-09-30,TC2,PHASE 1,Kings Creek 138kV ,DPL,30.00,Storage
AG2-379,PJM,2021-03-29,Withdrawn,2025-07-07,2023-09-15,TC2,PHASE 1,Easton - Steele 138 kV III,DPL,20.00,Storage
AG2-279,PJM,2021-03-22,Withdrawn,2025-11-24,2028-12-01,TC2,Decision Point 1,Hagerstown-Conservit 34.5 kV,APS,12.90,Solar
AH1-380,PJM,2021-09-10,Withdrawn,2025-12-01,2027-12-31,TC2,Decision Point 1,Mt Olive - Kenny 69kV,DPL,12.00,Solar
AH1-309,PJM,2021-09-11,Withdrawn,2025-12-03,2028-12-31,TC2,Decision Point 1,Kenzie Creek-Colby 138 kV,AEP,27.00,Solar
AF2-396,PJM,2020-03-31,Done,,2029-06-01,TC1,FINAL AGREEMENT,Stinger 138 kV,AEP,200.00,Hybrid
AF1-176,PJM,2019-09-25,Done,,2029-12-31,TC1,FINAL AGREEMENT,Corey 138 kV,AEP,155.68,Hybrid
AF1-161,PJM,2019-09-20,Done,,2029-04-30,TC1,FINAL AGREEMENT,Valley 138 kV,AEP,25.00,Storage
AE2-325,PJM,2019-03-30,Withdrawn,2026-01-15,2022-12-01,TC1,FINAL AGREEMENT,Valley 138 kV,AEP,31.32,Storage
AG1-109,PJM,2020-08-31,Done,,2029-04-30,TC1,FINAL AGREEMENT,Valley 138 kV,AEP,25.00,Storage
AG2-130,PJM,2021-02-02,Withdrawn,2025-03-30,2026-12-31,TC2,APPLICATION REVIEW,Colby Tap-Valley 138 kV,AEP,37.20,Hybrid
AG2-131,PJM,2021-02-01,Withdrawn,2025-03-31,2026-12-31,TC2,APPLICATION REVIEW,Almena-Valley 69 kV,AEP,20.00,Solar
AG2-132,PJM,2021-02-01,Withdrawn,2025-03-30,2026-12-31,TC2,APPLICATION REVIEW,Hartford-South Haven 69 kV,AEP,7.50,Solar
AH1-272,PJM,2021-09-10,Active,,,TC2,PHASE 2,Argenta - Twin Branch 345 kV,AEP,123.90,Solar
AH1-271,PJM,2021-09-09,Active,,,TC2,PHASE 2,Cashie 230 kV,Dominion,24.00,Solar
AG2-382,PJM,2021-03-29,Active,,,TC2,PHASE 2,Cashie 230 kV,Dominion,42.00,Solar
AG1-437,PJM,2020-09-30,Withdrawn,2025-01-22,2023-12-31,TC1,PHASE 2,Cashie-Earleys 230 kV,Dominion,60.00,Solar
AG1-438,PJM,2020-09-30,Withdrawn,2025-01-22,2023-12-31,TC1,PHASE 2,Cashie-Earleys 230 kV,Dominion,60.00,Solar
AG1-442,PJM,2020-09-30,Withdrawn,2025-01-22,2023-12-31,TC1,PHASE 2,Cashie-Earleys 230 kV,Dominion,35.00,Storage
AG1-443,PJM,2020-09-30,Withdrawn,2025-01-22,2023-12-31,TC1,PHASE 2,Cashie-Earleys 230 kV,Dominion,35.00,Storage
AF2-081,PJM,2020-01-31,Done,,2031-03-31,TC1,FINAL AGREEMENT,Moyock 230 kV,Dominion,56.00,Solar
AH1-033,PJM,2021-06-14,Active,,,TC2,PHASE 2,Sligo 34.5 kV,Dominion,13.00,Solar
AH1-728,PJM,,Withdrawn,2025-05-02,2027-11-29,TC2,RRI APPLICATION REVIEW,,Dominion,185.00,Storage
AF2-324,PJM,2020-03-30,Withdrawn,2025-01-22,2022-11-30,TC1,PHASE 2,Edgecombe 230 kV,Dominion,45.00,Solar
AG1-444,PJM,2020-09-30,Withdrawn,2025-01-22,2023-12-31,TC1,PHASE 2,Chinquapin 230 kV,Dominion,80.00,Storage
AG1-439,PJM,2020-09-30,Withdrawn,2025-01-22,2023-12-31,TC1,PHASE 2,Chinquapin 230 kV,Dominion,150.00,Solar
AG1-008,PJM,2020-05-01,Withdrawn,2025-11-03,2024-12-15,TC1,PHASE 3,Tunis-Mapleton 115 kV,Dominion,83.70,Solar
AG1-082,PJM,2020-07-31,Withdrawn,2025-11-03,2021-12-31,TC1,PHASE 3,Ahoskie 34.5 kV,Dominion,12.00,Hybrid
AG1-083,PJM,2020-07-31,Withdrawn,2025-01-22,2021-12-31,TC1,PHASE 2,Ahoskie 34.5 kV,Dominion,12.00,Hybrid
AF2-046,PJM,2019-12-19,Withdrawn,2025-11-03,2022-06-01,TC1,PHASE 3,Tunis-Mapleton 115 kV,Dominion,83.70,Solar
AG2-120,PJM,2021-01-29,Withdrawn,2025-12-02,2029-12-31,TC2,Decision Point 1,Everetts 34.5 kV,Dominion,14.00,Solar
AG1-551,PJM,2020-09-30,Withdrawn,2025-11-03,2023-10-15,TC1,PHASE 3,Parmele 34.5 kV,Dominion,13.10,Solar
AG1-552,PJM,2020-09-30,Withdrawn,2025-11-03,2023-10-15,TC1,PHASE 3,Carolina 34.5 kV,Dominion,12.20,Solar
AG1-106,PJM,2020-08-28,Withdrawn,2026-01-13,2024-06-01,TC1,PHASE 2,Thelma 230 kV,Dominion,16.00,Solar
AH1-434,PJM,2021-09-10,Withdrawn,2025-07-03,2026-09-01,TC2,PHASE 1,Carolina- Earleys 115kV,Dominion,45.00,Solar
AF1-152,PJM,2019-09-19,Withdrawn,2025-01-22,2023-10-02,TC1,PHASE 1,Swamp 230 kV,Dominion,30.00,Solar
AE2-147,PJM,2019-03-13,Withdrawn,2025-01-22,2022-12-01,TC1,PHASE 1,Swamp 230 kV,Dominion,90.00,Solar
AF2-080,PJM,2020-01-31,Withdrawn,2026-01-15,2022-06-30,TC1,FINAL AGREEMENT,Chinquapin-Everetts 230 kV,Dominion,48.50,Solar
AG2-522,PJM,2021-03-31,Active,,,TC2,PHASE 2,Five Forks DP - Littleton DP 115 kV,Dominion,48.00,Solar
AF2-047,PJM,2019-12-19,Withdrawn,2024-06-24,2022-06-01,TC1,PHASE 1,Creswell-Riders Creek 115 kV,Dominion,99.80,Solar
AH1-035,PJM,2021-06-14,Withdrawn,2025-12-02,2029-12-31,TC2,Decision Point 1,Plymouth 34.5 kV,Dominion,13.50,Solar
AH1-040,PJM,2021-06-23,Active,,,TC2,PHASE 2,Mackeys - Creswell 115 kV,Dominion,90.00,Solar
AF2-025,PJM,2019-11-15,Done,,2028-04-30,TC1,FINAL AGREEMENT,Ontario 69 kV,AEC,8.00,Storage
AF2-016,PJM,2019-10-01,Withdrawn,2024-06-21,2023-05-31,TC1,PHASE 1,Lewis 138 kV,AEC,96.00,Storage
AH1-703,PJM,2025-04-08,Active,,,TC2,PHASE 2,Bergen 230kV,PSEG,51.25,Thermal
AH1-265,PJM,2021-09-10,Withdrawn,2025-12-02,2028-03-01,TC2,Decision Point 1,Winslow - Monroe 69kV,AEC,12.35,Solar
AH1-260,PJM,2021-09-10,Active,,,TC2,PHASE 2,New Freedom - Monroe 230 kV,AEC,300.00,Storage
AF1-238,PJM,2019-09-28,Done,,2028-06-01,TC1,FINAL AGREEMENT,Sherman Ave - West Vineland 69 kV,AEC,20.00,Storage
AG2-297,PJM,2021-03-23,Active,,,TC2,PHASE 2,Cumberland 230 kV,AEC,11.40,Solar
AG2-627,PJM,2021-03-31,Withdrawn,2025-12-02,2028-11-15,TC2,Decision Point 1,Woodstown-High Street 69 kV,AEC,24.00,Solar
AG2-450,PJM,2021-03-30,Withdrawn,2025-12-03,2028-01-01,TC2,Decision Point 1,Bridgeport 230 kV,AEC,115.30,Storage
AH1-274,PJM,2021-09-09,Withdrawn,2025-12-02,2026-12-31,TC2,Decision Point 1,Butler 69 kV,AEC,7.00,Solar
AH1-701,PJM,2025-04-11,Active,,,TC2,PHASE 2,Valero 69 kV,AEC,20.00,Thermal
AH1-258,PJM,2021-09-10,Active,,,TC2,PHASE 2,Belford - Keansburg 34.5 kV,JCPL,8.09,Solar
AH1-557,PJM,2021-09-10,Withdrawn,2025-02-14,2029-10-31,TC2,APPLICATION REVIEW,Larrabee Collector Station 230 kV ,JCPL,228.80,Wind
AG2-016,PJM,2020-10-20,Active,,,TC2,PHASE 2,Oyster Creek-Whitings 34.5 kV,JCPL,8.32,Solar
AF2-021,PJM,2019-11-15,Withdrawn,2024-05-31,2021-06-01,TC1,PHASE 1,Cedar 69 kV,AEC,8.00,Storage
AH1-334,PJM,2021-09-10,Active,,,TC2,PHASE 2,Lakehurst - Whitings 34.5 kV,JCPL,8.09,Solar
AH1-641,PJM,2021-09-14,Active,,,TC2,PHASE 2,Churchtown - Upper Pittsgrove 138kV,AEC,7.00,Solar
AH1-710,PJM,2025-04-09,Active,,,TC2,PHASE 2,Salem 500kV,PSEG,228.20,Nuclear
AG2-035,PJM,2020-11-11,Withdrawn,2025-02-11,2021-12-31,TC2,APPLICATION REVIEW,Salem - Woodstown 69 kV,AEC,22.00,Hybrid
AG2-616,PJM,2021-03-31,Active,,,TC2,PHASE 2,Churchtown - Upper Pittsgrove 138 kV,AEC,32.35,Solar
AG2-451,PJM,2021-03-30,Withdrawn,2025-12-03,2028-01-01,TC2,Decision Point 1,Chambers 230 kV,AEC,123.00,Storage
AH1-722,PJM,2025-04-08,Active,,,TC2,PHASE 2,Linden 230kV,PSEG,158.10,Thermal
AH1-715,PJM,2025-04-08,Active,,,TC2,PHASE 2,Linden 138kV & 230kV,PSEG,149.37,Thermal
AH1-257,PJM,2021-09-09,Active,,,TC2,PHASE 2,Broadway - Washington 34.5 kV,JCPL,8.09,Solar
AH1-290,PJM,2021-09-09,Withdrawn,2025-07-07,2022-09-09,TC2,PHASE 1,BASF - Washburn Solar 34.5 kV,JCPL,8.09,Solar
AG2-625,PJM,2021-03-31,Active,,,TC2,PHASE 2,Pequest River-Furnace Brook Tap 34.5 kV II,JCPL,8.23,Solar
AG2-626,PJM,2021-03-31,Active,,,TC2,PHASE 2,Pequest River-Furnace Brook Tap 34.5 kV III,JCPL,5.25,Solar
AG2-599,PJM,2021-03-31,Withdrawn,2025-02-18,2021-04-30,TC2,APPLICATION REVIEW,Furnace Brook-Warren 34.5 kV,JCPL,8.23,Solar
AG2-600,PJM,2021-03-31,Withdrawn,2025-07-07,2021-04-30,TC2,PHASE 1,American Can-BASF 34.5 kV,JCPL,8.23,Solar
AG2-189,PJM,2021-02-27,Withdrawn,2025-06-26,2022-02-23,TC2,PHASE 1,Washington-Furnace Brook Tap 34.5 kV,JCPL,8.32,Solar
AH1-758,PJM,,Withdrawn,2025-05-02,2029-06-11,TC2,RRI APPLICATION REVIEW,,AEP,500.00,Storage
AH1-069,PJM,2021-07-28,Withdrawn,2025-12-01,2027-11-11,TC2,Decision Point 1,Jerome - Mohicanville 69 kV,ATSI,10.20,Solar
AH1-070,PJM,2021-07-28,Withdrawn,2025-12-01,2027-11-11,TC2,Decision Point 1,Jerome - Mohicanville 69 kV,ATSI,10.20,Solar
AH1-530,PJM,2021-09-10,Withdrawn,2025-02-04,2025-03-01,TC2,APPLICATION REVIEW,Fairfield – Reily 69 kV ,DEOK,16.80,Solar
AH1-680,PJM,2025-04-03,Active,,,TC2,PHASE 2,Sammis - South Canton 345 kV,ATSI,1300.00,Thermal
AH1-526,PJM,2021-09-11,Withdrawn,2025-06-05,2025-10-31,TC2,PHASE 1,Knox - Washington CEC 138 kV,ATSI,42.00,Hybrid
AG2-216,PJM,2021-03-09,Active,,,TC2,PHASE 2,East Sidney-Quincy 138 kV,Dayton,25.92,Solar
AG2-063,PJM,2020-12-16,Withdrawn,2025-11-14,2028-12-15,TC2,Decision Point 1,North Hampton 69 kV,ATSI,34.50,Solar
AG2-385,PJM,2021-03-29,Withdrawn,2025-11-14,2028-12-15,TC2,Decision Point 1,North Hampton 69 kV,ATSI,36.50,Solar
AG2-378,PJM,2021-03-29,Withdrawn,2025-11-14,2028-12-15,TC2,Decision Point 1,North Hampton - Medway 69 kV,ATSI,13.50,Solar
AH1-319,PJM,2021-09-10,Withdrawn,2025-07-03,2025-12-31,TC2,PHASE 1,East Springfield-London 138 kV II,ATSI,54.00,Storage
AH1-699,PJM,2025-04-04,Active,,,TC2,PHASE 2,Wellsville 345 kV,ATSI,69.00,Thermal
AG2-564,PJM,2021-03-31,Withdrawn,2025-11-26,2028-01-30,TC2,Decision Point 1,Sulphur Springs 138 kV,AEP,32.90,Solar
AG2-149,PJM,2021-02-22,Withdrawn,2025-11-27,2028-12-31,TC2,Decision Point 1,Galion-South Berwick 345 kV,AEP,52.00,Solar
AH1-735,PJM,2025-04-09,Withdrawn,2026-01-13,2026-05-01,TC2,Decision Point 1,Richland 138 kV,ATSI,55.00,Thermal
AH1-770,PJM,,Withdrawn,2025-05-02,2028-12-31,TC2,RRI APPLICATION REVIEW,,AEP,12.88,Solar
AF2-209,PJM,2020-03-25,Withdrawn,2025-01-22,2023-06-02,TC1,DP2,South Hicksville-Sowers 138 kV,AEP,19.60,Solar
AG1-425,PJM,2020-09-30,Withdrawn,2024-06-21,2023-10-31,TC1,PHASE 1,Groton 138 kV,ATSI,20.00,Storage
AG2-498,PJM,2021-03-31,Withdrawn,2025-07-03,2025-12-31,TC2,PHASE 1,Obetz 138 kV,AEP,50.00,Storage
AH1-318,PJM,2021-09-11,Withdrawn,2025-07-03,2025-12-31,TC2,PHASE 1,Cole 345 kV,AEP,60.00,Storage
AG2-053,PJM,2020-12-02,Withdrawn,2025-07-02,2024-09-25,TC2,PHASE 1,Fulton 138 kV,ATSI,180.00,Solar
AG2-054,PJM,2020-12-02,Withdrawn,2025-07-02,2024-09-25,TC2,PHASE 1,Fulton 138 kV,ATSI,100.00,Storage
AG2-375,PJM,2021-03-29,Withdrawn,2025-07-03,2024-11-15,TC2,PHASE 1,Fostoria Central 345 kV,AEP,500.00,Storage
AH1-327,PJM,2021-09-10,Active,,,TC2,PHASE 2,Hardin Switch 345 kV,AEP,8.44,Solar
AH1-539,PJM,2021-09-10,Withdrawn,2025-12-02,2028-03-01,TC2,Decision Point 1,South Kenton 138 kV,AEP,25.88,Hybrid
AH1-767,PJM,,Withdrawn,2025-05-02,2028-08-31,TC2,RRI APPLICATION REVIEW,,AEP,140.00,Storage
AH1-724,PJM,,Withdrawn,2025-05-02,2030-05-01,TC2,RRI APPLICATION REVIEW,Nottingham 138 kV,AEP,650.00,Thermal
AH1-580,PJM,2021-09-10,Active,,,TC2,PHASE 2,Nottingham 138 kV,AEP,134.00,Solar
AG2-082,PJM,2021-01-22,Active,,,TC2,PHASE 2,Nottingham 138 kV,AEP,133.40,Solar
AG2-336,PJM,2021-03-25,Withdrawn,2025-07-01,2023-11-30,TC2,PHASE 1,Midway 138 kV,ATSI,48.00,Solar
AG2-337,PJM,2021-03-25,Withdrawn,2025-07-01,2023-11-30,TC2,PHASE 1,Midway 138 kV II,ATSI,12.00,Solar
AG1-319,PJM,2020-09-30,Withdrawn,2025-01-22,2022-11-01,TC1,PHASE 1,Napoleon Muni 138 kV,AMPT,39.00,Solar
AG1-456,PJM,2020-09-30,Withdrawn,2024-06-21,2022-12-31,TC1,PHASE 1,Wildcat 138 kV,AEP,30.00,Storage
AH1-537,PJM,2021-09-11,Active,,,TC2,PHASE 2,Pierce - Kyger Creek 345 kV,OVEC,17.85,Solar
AH1-766,PJM,,Withdrawn,2025-05-02,2029-05-31,TC2,RRI APPLICATION REVIEW,,AEP,205.00,Storage
AH1-094,PJM,2021-07-30,Withdrawn,2025-07-01,2025-06-01,TC2,PHASE 1,Wells - Shinrock 69 kV I,ATSI,29.94,Hybrid
AG2-109,PJM,2021-01-29,Active,,,TC2,PHASE 2,Fitchville-New London 69 kV,ATSI,28.10,Solar
AG2-548,PJM,2021-03-31,Active,,,TC2,PHASE 2,Corwin - Elk 138 kV,AEP,54.00,Hybrid
AH1-055,PJM,2021-07-14,Active,,,TC2,PHASE 2,Kyger Creek - Don Marquis 345 kV,OVEC,154.00,Solar
AG2-665,PJM,2021-03-31,Active,,,TC2,PHASE 2,Corwin - Elk 138 kV,AEP,54.00,Hybrid
AH1-059,PJM,2021-07-16,Active,,,TC2,PHASE 2,Sharp Road 69 kV,AEP,12.60,Solar
AH1-686,PJM,2025-04-03,Active,,,TC2,PHASE 2,Hanging Rock 765 kV,AEP,21.00,Thermal
AH1-325,PJM,2021-09-09,Withdrawn,2025-07-03,2025-12-31,TC2,PHASE 1,Kirk 138 kV,AEP,50.00,Storage
AH1-328,PJM,2021-09-10,Active,,,TC2,PHASE 2,Blue Jacket - Kirby 138 kV,Dayton,21.30,Solar
AH1-320,PJM,2021-09-10,Withdrawn,2025-07-03,2025-12-31,TC2,PHASE 1,Blue Jacket - Kirby 138 kV,Dayton,69.00,Storage
AG1-323,PJM,2020-09-30,Withdrawn,2025-11-03,2023-09-01,TC1,PHASE 3,Blue Jacket 138 kV,Dayton,40.00,Hybrid
AF1-270,PJM,2019-09-30,Withdrawn,2024-06-21,2022-12-31,TC1,PHASE 2,Blue Jacket-Kirby 138 kV,Dayton,50.00,Solar
AG1-199,PJM,2020-09-18,Withdrawn,2024-06-21,2023-06-01,TC1,PHASE 1,Allen Junction 345 kV,ATSI,300.00,Storage
AG2-515,PJM,2021-03-31,Withdrawn,2025-11-28,2029-07-31,TC2,Decision Point 1,Midway 345 kV III,ATSI,60.00,Solar
AH1-690,PJM,2025-04-03,Withdrawn,2025-11-18,2031-03-01,TC2,Decision Point 1,Bay Shore - Lallendorf 345 kV,ATSI,1440.00,Thermal
AG2-104,PJM,2021-01-29,Active,,,TC2,PHASE 2,Marysville-Flatlick 765 kV,AEP,126.85,Solar
AG2-106,PJM,2021-01-29,Active,,2029-09-30,TC2,PHASE 2,Marysville-Flatlick 765 kV,AEP,150.00,Storage
AG2-107,PJM,2021-01-29,Active,,2029-09-30,TC2,PHASE 2,Marysville-Flatlick 765 kV,AEP,150.00,Storage
AG2-119,PJM,2021-01-29,Active,,,TC2,PHASE 2,Galion-Roberts South 138 kV II,ATSI,53.60,Solar
AH1-542,PJM,2021-09-10,Active,,,TC2,PHASE 2,Crissinger-Delaware Business Park 138kV,ATSI,22.00,Hybrid
AH1-572,PJM,2021-09-10,Withdrawn,2025-07-03,2024-12-01,TC2,PHASE 1,South Morral-Uncapher Switch 69 kV,AEP,19.30,Solar
AH1-573,PJM,2021-09-10,Withdrawn,2025-07-03,2024-12-01,TC2,PHASE 1,South Morral-Uncapher Switch 69 kV,AEP,12.90,Solar
AG2-595,PJM,2021-03-31,Withdrawn,2025-07-03,2024-06-01,TC2,PHASE 1,LaRue - North Waldo 138 kV,AEP,6.50,Solar
AH1-075,PJM,2021-07-29,Withdrawn,2025-11-26,2028-12-31,TC2,Decision Point 1,North Waldo - Wild Creek 138 kV,AEP,24.70,Solar
AH1-321,PJM,2021-09-10,Withdrawn,2025-07-03,2025-12-31,TC2,PHASE 1,Eldean 138 kV,Dayton,54.00,Storage
AH1-704,PJM,2025-04-03,Active,,,TC2,PHASE 2,Hannibal 138 kV,AEP,20.00,Thermal
AG2-355,PJM,2021-03-26,Withdrawn,2025-03-28,2024-06-01,TC2,APPLICATION REVIEW,North Muskingum River - Philo 138 kV,AEP,82.40,Hybrid
AG2-057,PJM,2020-12-07,Active,,,TC2,PHASE 2,Cardington-Liberty 69 kV II,ATSI,6.00,Solar
AH1-765,PJM,,Withdrawn,2025-05-02,2029-05-31,TC2,RRI APPLICATION REVIEW,,ATSI,205.00,Storage
AH1-060,PJM,2021-07-20,Active,,,TC2,PHASE 2,Cardington-Liberty 69 kV III,ATSI,12.00,Solar
AH1-282,PJM,2021-09-09,Active,,,TC2,PHASE 2,Galion - Ohio Central 345 kV,AEP,45.90,Solar
AH1-661,PJM,2021-09-29,Active,,,TC2,PHASE 2,Cannelville 12.47 kV,AEP,9.06,Other
AH1-754,PJM,,Withdrawn,2025-05-02,2029-06-11,TC2,RRI APPLICATION REVIEW,,AEP,500.00,Storage
AG2-406,PJM,2021-03-30,Active,,,TC2,PHASE 2,Payne 69 kV,AEP,10.98,Solar
AF2-376,PJM,2020-03-31,Done,,2029-12-31,TC1,FINAL AGREEMENT,Timber Switch 138 kV,AEP,20.00,Storage
AG2-444,PJM,2021-03-30,Withdrawn,2025-12-02,2028-12-31,TC2,Decision Point 1,Bixby -  Biers Run 345 kV,AEP,122.50,Solar
AG2-125,PJM,2021-01-29,Active,,,TC2,PHASE 2,Camden-Crystal 69 kV,Dayton,15.44,Solar
AG2-405,PJM,2021-03-30,Active,,,TC2,PHASE 2,Continental 69 kV,AEP,10.98,Solar
AH1-669,PJM,2020-09-30,Withdrawn,2025-12-02,2029-12-31,TC2,Decision Point 1,Circleville-Biers Run 138 kV,AEP,30.00,Solar
AF2-263,PJM,2020-03-27,Withdrawn,2024-06-21,2022-07-01,TC1,PHASE 1,Shelby 138 kV,Dayton,58.80,Solar
AH1-752,PJM,,Withdrawn,2025-05-02,2029-06-11,TC2,RRI APPLICATION REVIEW,,AEP,400.00,Storage
AH1-706,PJM,2025-04-07,Active,,,TC2,PHASE 2,Lordstown 345 kV,ATSI,23.82,Thermal
AH1-757,PJM,,Withdrawn,2025-05-02,2029-06-11,TC2,RRI APPLICATION REVIEW,,AEP,500.00,Storage
AH1-569,PJM,2021-09-10,Withdrawn,2025-07-07,2024-12-01,TC2,PHASE 1,Tangy - National 138 kV,ATSI,31.30,Solar
AE1-092,PJM,2018-08-31,Done,,2030-04-30,TC1,FINAL AGREEMENT,Blue Jacket-Kirby 138 kV,Dayton,96.40,Solar
AG1-410,PJM,2020-09-30,Done,,2030-02-15,TC1,FINAL AGREEMENT,Maddox Creek-RP Mone 345 kV,AEP,180.00,Solar
AG1-411,PJM,2020-09-30,Done,,2030-02-15,TC1,FINAL AGREEMENT,Maddox Creek-RP Mone 345 kV,AEP,100.00,Storage
AH1-538,PJM,2021-09-10,Withdrawn,2025-07-03,2025-03-01,TC2,PHASE 1,East Lima - Haviland 138 kV,AEP,20.00,Hybrid
AH1-719,PJM,2025-04-03,Active,,,TC2,PHASE 2,Beverly 345 kV,AEP,21.00,Thermal
AH1-577,PJM,2021-09-10,Withdrawn,2025-12-01,2027-12-31,TC2,Decision Point 1,Clutch 69 kV,AEP,42.00,Solar
AH1-578,PJM,2021-09-10,Withdrawn,2025-12-01,2027-12-31,TC2,Decision Point 1,Clutch 69 kV,AEP,28.00,Storage
AH1-764,PJM,,Withdrawn,2025-05-02,2029-07-01,TC2,RRI APPLICATION REVIEW,,ATSI,148.00,Hybrid
AF2-321,PJM,2020-03-30,Withdrawn,2025-01-22,2023-12-31,TC1,PHASE 1,Stryker-Ridgeville 138 kV,ATSI,88.80,Solar
AF2-126,PJM,2020-02-28,Done,,2028-06-01,TC1,FINAL AGREEMENT,Weston 69 kV II,ATSI,8.00,Solar
AH1-711,PJM,2025-04-09,Active,,2030-05-31,TC2,PHASE 2,Lemoyne 345 kV,ATSI,292.50,Thermal
AH1-565,PJM,2021-09-10,Withdrawn,2025-05-07,2025-06-01,TC2,PHASE 1,Lemoyne 345kV,ATSI,250.00,Storage
AH1-339,PJM,2021-09-10,Withdrawn,2025-11-27,2028-12-31,TC2,Decision Point 1,West Crawford 69 kV,AEP,6.76,Solar
AG2-329,PJM,2021-03-25,Active,,,TC2,PHASE 2,S Berwick - Galion 345 kV,AEP,156.00,Storage
AH1-708,PJM,,Withdrawn,2025-05-02,2025-05-31,TC2,RRI APPLICATION REVIEW,,ME,20.00,Thermal
AH1-562,PJM,2021-09-10,Withdrawn,2025-06-30,2025-06-01,TC2,PHASE 1,Springdale 138kV,APS,250.00,Storage
AG2-150,PJM,2021-02-23,Withdrawn,2025-04-07,2022-12-31,TC2,APPLICATION PHASE,River Dock 23 kV,DL,5.25,Hydro
AG1-549,PJM,2020-09-30,Withdrawn,2025-01-22,2022-10-31,TC1,PHASE 1,Keystone 230 kV,PENELEC,85.00,Hybrid
AG2-386,PJM,2021-03-29,Withdrawn,2025-03-14,2023-04-01,TC2,APPLICATION REVIEW,Kittanning-Rural Valley 25 kV,APS,18.00,Solar
AF1-240,PJM,2019-09-30,Withdrawn,2025-11-03,2022-07-01,TC1,PHASE 3,Timblin 34.5 kV,PENELEC,11.00,Solar
AH1-566,PJM,2021-09-10,Withdrawn,2025-06-30,2025-06-01,TC2,PHASE 1,South Bend 500kV,APS,250.00,Storage
AH1-452,PJM,2021-09-11,Active,,,TC2,PHASE 2,Clementine-Clementine Jct. 25 kV,APS,8.35,Solar
AG2-654,PJM,2021-03-31,Withdrawn,2025-11-25,2027-06-01,TC2,Decision Point 1,Craigsville - Leards Crossing 12 kV,APS,8.80,Solar
AH1-674,PJM,,Withdrawn,2025-04-02,2028-12-31,TC2,RRI APPLICATION REVIEW,,ATSI,1650.00,Thermal
AG2-621,PJM,2021-03-31,Active,,,TC2,PHASE 2,Hoytdale 138 kV,ATSI,150.00,Storage
AH1-162,PJM,2021-08-31,Withdrawn,2025-07-07,2023-11-01,TC2,PHASE 1,Curryville-RKB-Yellow Creek 23 kV,PENELEC,11.00,Solar
AH1-492,PJM,2021-09-11,Withdrawn,2025-06-09,2024-07-30,TC2,PHASE 1,Bernville 13 kV,ME,12.00,Solar
AH1-005,PJM,2021-04-09,Withdrawn,2025-11-05,2028-12-01,TC2,Decision Point 1,East Towanda-South Troy 115 kV II,PENELEC,14.00,Solar
AH1-720,PJM,2025-04-11,Withdrawn,2025-12-01,2026-12-31,TC2,Decision Point 1,East Towanda 230 kV,PENELEC,60.00,Thermal
AG2-356,PJM,2021-03-26,Active,,,TC2,PHASE 2,South Troy - Canton 34.5 kV,PENELEC,12.00,Solar
AG2-327,PJM,2021-03-24,Withdrawn,2025-12-02,2027-12-01,TC2,Decision Point 1,Tennessee Gas-East Towanda 115 kV,PENELEC,6.00,Solar
AG2-220,PJM,2021-03-10,Withdrawn,2025-11-05,2028-12-01,TC2,Decision Point 1,East Towanda-South Troy 115 kV,PENELEC,19.20,Solar
AG2-221,PJM,2021-03-10,Withdrawn,2025-11-05,2028-12-01,TC2,Decision Point 1,South Troy - North Towanda 34.5 kV,PENELEC,13.20,Solar
AG2-206,PJM,2021-03-04,Withdrawn,2025-12-02,2027-12-01,TC2,Decision Point 1,Tennessee Gas-East Towanda 115 kV,PENELEC,28.80,Solar
AF2-406,PJM,2020-03-31,Withdrawn,2024-06-21,2022-06-01,TC1,PHASE 1,Sayre 115 kV,PENELEC,75.00,Storage
AF2-050,PJM,2019-12-23,Done,,2029-01-31,TC1,FINAL AGREEMENT,Bear Rock-Johnstown 230 kV,PENELEC,30.00,Solar
AH1-212,PJM,2021-09-07,Withdrawn,2025-12-03,2027-12-31,TC2,Decision Point 1,Bethlehem - Lilly 46 kV,PENELEC,12.00,Solar
AH1-462,PJM,2021-09-11,Withdrawn,2025-02-12,2024-12-31,TC2,APPLICATION REVIEW,Rachel Hill 115 kV,PENELEC,60.00,Storage
AG2-074,PJM,2021-01-15,Active,,,TC2,PHASE 2,Meckesville Tap 69kV,PPL,26.20,Solar
AG1-377,PJM,2020-09-30,Done,,2029-06-30,TC1,FINAL AGREEMENT,Philipsburg 115 kV,PENELEC,6.00,Solar
AG1-378,PJM,2020-09-30,Done,,2029-06-30,TC1,FINAL AGREEMENT,Philipsburg 115 kV,PENELEC,6.00,Solar
AH1-668,PJM,2020-09-29,Withdrawn,2025-03-07,2022-08-01,TC2,APPLICATION REVIEW,Madisonburg Jct-Millheim 46 kV,APS,8.30,Solar
AG1-090,PJM,2020-08-01,Done,,2029-06-30,TC1,FINAL AGREEMENT,Philipsburg 115 kV,PENELEC,30.00,Hybrid
AH1-313,PJM,2021-09-10,Withdrawn,2025-12-03,2030-12-31,TC2,Decision Point 1,Moshannon-Milesburg 230 kV VII,APS,60.00,Hybrid
AG2-143,PJM,2021-02-16,Withdrawn,2025-03-14,2026-12-31,TC2,APPLICATION REVIEW,Burma-Sligo 25 kV,APS,10.00,Solar
AG2-429,PJM,2021-03-30,Active,,,TC2,PHASE 2,Burma - Armstrong 138 kV,APS,46.50,Hybrid
AG2-558,PJM,2021-03-31,Withdrawn,2025-01-23,2023-04-01,TC2,APPLICATION REVIEW,Shawville - Phillipsburg 34.5 kV II,APS,8.30,Solar
AG2-559,PJM,2021-03-31,Withdrawn,2025-01-23,2024-04-01,TC2,APPLICATION REVIEW,Shawville - Phillipsburg 34.5 kV III,APS,8.30,Solar
AG2-560,PJM,2021-03-31,Withdrawn,2025-01-23,2025-04-01,TC2,APPLICATION REVIEW,Phillipsburg (Karthaus) 34.5 kV,APS,8.30,Solar
AG1-308,PJM,2020-09-29,Withdrawn,2024-06-21,2022-08-01,TC1,PHASE 1,Shawville-Philipsburg 34.5 kV,PENELEC,8.30,Solar
AH1-667,PJM,2020-02-29,Active,,,TC2,PHASE 2,Philipsburg-Shawville 34.5 kV,PENELEC,10.80,Solar
AF2-296,PJM,2020-03-28,Done,,2028-12-31,TC1,FINAL AGREEMENT,Madera 34.5 kV,PENELEC,12.00,Solar
AF1-099,PJM,2019-09-04,Withdrawn,2025-01-22,2022-04-01,TC1,PHASE 1,Moshannon-Milesburg 230 kV III,APS,75.90,Hybrid
AF1-100,PJM,2019-09-04,Withdrawn,2024-06-21,2022-04-01,TC1,PHASE 1,Shawville-Moshannon 230 kV,PENELEC,150.00,Hybrid
AF1-142,PJM,2019-09-04,Withdrawn,2025-01-22,2022-04-01,TC1,PHASE 1,Moshannon-Milesburg 230 kV IV,APS,121.44,Hybrid
AG2-668,PJM,2021-03-31,Withdrawn,2025-04-22,2023-11-01,TC2,PHASE 1,Harvey Run 34.5 kV,PENELEC,12.50,Solar
AH1-746,PJM,2025-04-10,Active,,,TC2,PHASE 2,Madera - Westover South 115 kV,PENELEC,20.00,Wind
AH1-675,PJM,,Withdrawn,2025-04-23,2030-06-30,TC2,RRI APPLICATION REVIEW,,PPL,2070.00,Thermal
AH1-688,PJM,,Withdrawn,2025-04-23,2030-06-30,TC2,RRI APPLICATION REVIEW,,PPL,1380.00,Thermal
AH1-689,PJM,,Withdrawn,2025-04-23,2030-06-30,TC2,RRI APPLICATION REVIEW,,PPL,1380.00,Thermal
AG2-176,PJM,2021-02-26,Active,,,TC2,PHASE 2,Geneva 115 kV,PENELEC,90.00,Solar
AG2-247,PJM,2021-03-17,Withdrawn,2025-02-06,2023-01-15,TC2,APPLICATION REVIEW,Northwestern REC Dixonburg-Vernon 34.5 kV,PENELEC,12.00,Solar
AH1-490,PJM,2021-09-10,Withdrawn,2025-12-02,2028-10-01,TC2,Decision Point 1,Venango Junction - Cambridge Springs 34.5 kV,PENELEC,12.00,Solar
AH1-159,PJM,2021-08-30,Withdrawn,2025-07-07,2023-11-01,TC2,PHASE 1,Conneaut-Conneaut Tap 69 kV,ATSI,13.90,Solar
AH1-695,PJM,2025-04-03,Active,,,TC2,PHASE 2,Three Mile Island 230 kV,ME,803.00,Nuclear
AG2-538,PJM,2021-03-31,Withdrawn,2025-02-28,2022-10-15,TC2,APPLICATION REVIEW,Ridgeway - Motion Control 46 kV,APS,15.42,Hybrid
AF1-306,PJM,2019-09-30,Withdrawn,2024-06-21,2023-05-31,TC1,PHASE 1,Squab Hollow 230 kV,APS,49.30,Storage
AF2-010,PJM,2019-10-11,Withdrawn,2026-01-14,2022-12-15,TC1,FINAL AGREEMENT,Union City-Titusville 115 kV,PENELEC,46.00,Solar
AG2-438,PJM,2021-03-30,Withdrawn,2025-12-17,2028-02-01,TC2,Decision Point 1,Union City 34.5 kV,PENELEC,6.70,Solar
AG2-008,PJM,2020-10-08,Withdrawn,2025-07-03,2023-03-30,TC2,PHASE 1,Erie South-Warren 230 kV,PENELEC,40.20,Solar
AG2-009,PJM,2020-10-08,Withdrawn,2025-06-19,2023-03-30,TC2,PHASE 1,Erie South-Warren 230 kV II,PENELEC,12.90,Solar
AG1-548,PJM,2020-09-30,Done,,2029-06-30,TC1,FINAL AGREEMENT,Erie South-Union City 115 kV,PENELEC,45.00,Hybrid
AH1-491,PJM,2021-09-11,Withdrawn,2025-12-02,2028-10-01,TC2,Decision Point 1,Union City 34.5 kV,PENELEC,12.00,Solar
AH1-331,PJM,2021-09-09,Withdrawn,2025-07-03,2023-06-01,TC2,PHASE 1,Edinboro South-Erie South 25kV,PENELEC,11.90,Solar
AH1-206,PJM,2021-09-08,Active,,,TC2,PHASE 2,Bethelboro 138 kV,APS,60.00,Storage
AH1-247,PJM,2021-09-09,Active,,,TC2,PHASE 2,Lardin - Lake Lynn 138kV,APS,24.00,Solar
AH1-248,PJM,2021-09-09,Active,,,TC2,PHASE 2,Lardin - Lake Lynn 138kV,APS,15.00,Solar
AH1-249,PJM,2021-09-09,Active,,,TC2,PHASE 2,Lardin - Lake Lynn 138kV,APS,80.00,Storage
AH1-367A,PJM,2021-09-10,Withdrawn,2025-12-01,2027-12-31,TC2,Decision Point 1,Franklin 138 kV II,APS,43.20,Solar
AG2-590,PJM,2021-03-31,Withdrawn,2025-01-30,2024-06-01,TC2,APPLICATION REVIEW,Shingletown-Lewistown 230 kV,PENELEC,22.90,Hybrid
AG1-473,PJM,2020-09-30,Withdrawn,2025-01-22,2024-06-01,TC1,PHASE 1,Shingletown-Lewistown 230 kV,PENELEC,32.34,Hybrid
AG2-561,PJM,2021-03-31,Active,,,TC2,PHASE 2,Glory - Glen Campbell 34.5 kV,PENELEC,12.00,Solar
AH1-268,PJM,2021-09-09,Withdrawn,2025-11-18,2028-06-01,TC2,Decision Point 1,Seward-Glory 115 kV II,PENELEC,36.60,Storage
AH1-102,PJM,2021-07-30,Withdrawn,2025-11-18,2028-06-01,TC2,Decision Point 1,Seward-Glory 115 kV,PENELEC,63.40,Solar
AH1-734,PJM,2025-04-10,Active,,2030-05-31,TC2,PHASE 2,South Bend 500 kV,APS,268.60,Thermal
AH1-697,PJM,,Withdrawn,2025-07-03,2028-05-19,TC2,PHASE 1, Lackawanna 230kV,PPL,78.60,Thermal
AH1-561,PJM,2021-09-10,Withdrawn,2025-06-27,2025-06-01,TC2,PHASE 1,Ironwood 230kV,ME,250.00,Storage
AH1-733,PJM,,Withdrawn,2025-05-02,2031-05-31,TC2,RRI APPLICATION REVIEW,Susquehanna-Mountain 230 kV,PPL,637.80,Thermal
AG1-277,PJM,2020-09-28,Withdrawn,2025-01-22,2022-06-01,TC1,PHASE 1,Salem-Beacon Power 69 kV,PPL,32.00,Hybrid
AG1-278,PJM,2020-09-28,Withdrawn,2025-01-22,2022-06-01,TC1,PHASE 2,Salem-Beacon Power 69 kV,PPL,15.42,Hybrid
AG1-279,PJM,2020-09-28,Withdrawn,2025-01-22,2022-06-01,TC1,PHASE 1,Salem-Beacon Power 69 kV,PPL,15.42,Hybrid
AH1-707,PJM,2025-04-07,Withdrawn,2025-12-01,2026-12-31,TC2,Decision Point 1,Saegers 230 kV,PPL,30.00,Thermal
AH1-487,PJM,2021-09-10,Withdrawn,2025-12-02,2028-10-01,TC2,Decision Point 1,Camp Reynolds 12.5 kV,ATSI,12.00,Solar
AG1-051,PJM,2020-07-18,Withdrawn,2024-07-18,2022-06-30,TC1,DP1,Maysville 69 kV III,ATSI,20.00,Storage
AF2-176,PJM,2020-03-19,Withdrawn,2024-06-21,2022-09-15,TC1,PHASE 1,Masury-Maysville 138 kV,ATSI,36.00,Solar
AG2-249,PJM,2021-03-17,Withdrawn,2025-12-02,2027-12-01,TC2,Decision Point 1,Stoneboro-Perry 69 kV,ATSI,12.00,Solar
AG2-250,PJM,2021-03-17,Withdrawn,2025-12-02,2027-12-01,TC2,Decision Point 1,Stoneboro-Perry 69 kV II,ATSI,12.00,Solar
AG2-365,PJM,2021-03-26,Withdrawn,2025-11-13,2027-12-31,TC2,Decision Point 1,Conneaut Tap-Werner 69 kV,ATSI,21.00,Solar
AG2-456,PJM,2021-03-30,Withdrawn,2025-12-02,2029-12-31,TC2,Decision Point 1,Pierce Brook-Lewis Run 230 kV,PENELEC,55.80,Solar
AG2-457,PJM,2021-03-30,Withdrawn,2025-12-02,2029-12-31,TC2,Decision Point 1,Pierce Brook - Lewis Run 230 kV,PENELEC,55.80,Solar
AF1-276,PJM,2019-09-30,Withdrawn,2024-06-24,2024-06-29,TC1,PHASE 1,Lewis Run-Pierce Brook 230 kV,PENELEC,67.00,Solar
AF1-277,PJM,2019-09-30,Withdrawn,2024-06-21,2024-06-29,TC1,PHASE 1,Lewis Run-Pierce Brook 2 230 kV,PENELEC,67.00,Solar
AH1-357,PJM,2021-09-10,Withdrawn,2025-12-02,2029-12-31,TC2,Decision Point 1,Pierce Brook-Lewis Run 230kV,PENELEC,12.00,Solar
AH1-358,PJM,2021-09-10,Withdrawn,2025-12-02,2029-12-31,TC2,Decision Point 1,Pierce Brook-Lewis Run 230kV,PENELEC,20.00,Storage
AH1-359,PJM,2021-09-10,Withdrawn,2025-12-02,2029-12-31,TC2,Decision Point 1,Pierce Brook - Lewis Run 230 kV,PENELEC,12.00,Solar
AH1-360,PJM,2021-09-10,Withdrawn,2025-12-02,2029-12-31,TC2,Decision Point 1,Pierce Brook - Lewis Run 230 kV,PENELEC,20.00,Storage
AH1-587,PJM,2021-09-10,Withdrawn,2025-12-02,2028-10-31,TC2,Decision Point 1,Farmers Valley - Ridgeway 115 kV,PENELEC,120.00,Solar
AH1-588,PJM,2021-09-10,Withdrawn,2025-12-02,2028-10-31,TC2,Decision Point 1,Lewis Run - Pierce Brook 230 kV,PENELEC,144.00,Solar
AH1-589,PJM,2021-09-10,Withdrawn,2025-12-02,2028-10-31,TC2,Decision Point 1,Lewis Run - Pierce Brook 230 kV,PENELEC,170.00,Solar
AH1-390,PJM,2021-09-10,Withdrawn,2025-03-12,2023-07-31,TC2,APPLICATION REVIEW,TBD 69 kV,PPL,14.10,Solar
AG2-430,PJM,2021-03-30,Withdrawn,2025-11-18,2028-06-01,TC2,Decision Point 1,Sunbury-Dalmatia 69 kV II,PPL,37.70,Solar
AG2-606,PJM,2021-03-31,Withdrawn,2025-07-03,2024-06-01,TC2,PHASE 1,Sunbury-Juniata 500 kV,PPL,35.60,Hybrid
AG2-418,PJM,2021-03-30,Withdrawn,2025-11-13,2027-12-31,TC2,Decision Point 1,Blain 115 kV,PENELEC,20.00,Hybrid
AH1-533,PJM,2021-09-10,Withdrawn,2025-07-03,2025-03-01,TC2,PHASE 1,Sunbury-Juniata II,PPL,38.50,Hybrid
AG1-392C,PJM,2020-10-01,Withdrawn,2025-01-22,2022-06-01,TC1,PHASE 1,Gold 115 kV IV,PENELEC,9.00,Solar
AG1-392B,PJM,2020-10-01,Withdrawn,2025-01-22,2022-06-01,TC1,PHASE 1,Gold 115 kV III,PENELEC,9.00,Solar
AG1-392A,PJM,2020-10-01,Withdrawn,2025-01-22,2022-06-01,TC1,PHASE 1,Gold 115 kV II,PENELEC,18.00,Solar
AG1-392,PJM,2020-09-30,Withdrawn,2025-01-22,2022-06-01,TC1,PHASE 1,Gold 115 kV I,PENELEC,18.00,Solar
AG1-060,PJM,2020-07-29,Withdrawn,2024-06-24,2022-05-31,TC1,PHASE 1,Eldred 69 kV,PPL,25.70,Solar
AF2-056,PJM,2020-01-16,Withdrawn,2025-01-22,2023-06-01,TC1,PHASE 1,Shenandoah Tap 1– Mahanoy Tap 2 69 kV,PPL,33.00,Solar
AG2-161,PJM,2021-02-25,Withdrawn,2025-11-25,2027-12-31,TC2,Decision Point 1,Wheelabrator Frackville-Gilberton 69 kV,PPL,18.06,Solar
AH1-705,PJM,2025-04-07,Withdrawn,2025-12-03,2027-05-31,TC2,Decision Point 1,Sunbury #1 500kV,PPL,32.40,Thermal
AH1-460,PJM,2021-09-10,Active,,,TC2,PHASE 2,Hooversville - Scalp Level 115 kV,PENELEC,39.60,Solar
AH1-201,PJM,2021-09-03,Withdrawn,2025-12-02,2027-12-01,TC2,Decision Point 1,Allegheny-New Baltimore 115kV,PENELEC,24.00,Solar
AH1-203,PJM,2021-09-03,Withdrawn,2025-12-02,2027-12-01,TC2,Decision Point 1,Allegheny-Somerset 115 kV,PENELEC,42.00,Solar
AH1-205,PJM,2021-09-03,Withdrawn,2025-12-02,2027-12-01,TC2,Decision Point 1,Allegheny-New Baltimore 115kV,PENELEC,16.00,Storage
AG2-411,PJM,2021-03-31,Active,,,TC2,PHASE 2,Statler Hill 115 kV,PENELEC,40.70,Solar
AG2-090,PJM,2021-01-26,Withdrawn,2025-12-02,2027-12-01,TC2,Decision Point 1,Scalp Level 23 kV IV,PENELEC,8.40,Solar
AF2-381,PJM,2020-04-01,Withdrawn,2024-06-21,2023-06-30,TC1,PHASE 1,Bedford North-Central City West 115 kV,PENELEC,40.20,Solar
AF2-412,PJM,2020-03-31,Withdrawn,2025-01-22,2022-06-01,TC1,PHASE 1,Mainesburg 115 kV,PENELEC,100.00,Storage
AH1-160,PJM,2021-08-31,Withdrawn,2025-03-28,2023-11-01,TC2,APPLICATION REVIEW,Tower Hill 34.5 kV,PENELEC,13.30,Solar
AH1-158,PJM,2021-09-01,Withdrawn,2025-12-02,2027-12-01,TC2,Decision Point 1,Eclipse-Piney 115 kV III,PENELEC,30.00,Storage
AH1-050,PJM,2021-07-07,Withdrawn,2025-12-02,2027-12-01,TC2,Decision Point 1,Eclipse-Piney 115 kV,PENELEC,30.00,Solar
AH1-051,PJM,2021-07-07,Withdrawn,2025-12-02,2027-12-01,TC2,Decision Point 1,Eclipse-Piney 115 kV II,PENELEC,18.00,Solar
AF2-164,PJM,2020-03-17,Withdrawn,2024-06-21,2023-09-15,TC1,PHASE 1,Handsome Lake 345 kV,PENELEC,48.00,Solar
AG2-420,PJM,2021-03-30,Active,,,TC2,PHASE 2,Eclipse #2 34.5 kV,PENELEC,14.00,Hybrid
AG2-200,PJM,2021-03-02,Active,,,TC2,PHASE 2,North Warren - Russell 34.5 kV,PENELEC,10.20,Solar
AH1-545,PJM,2021-09-10,Active,,,TC2,PHASE 2,Wylie Ridge-Tidd 345kV,APS,20.00,Solar
AH1-140,PJM,2021-07-30,Withdrawn,2025-12-02,2027-12-31,TC2,Decision Point 1,Vasco 138 kV,APS,115.00,Hybrid
AH1-076,PJM,2021-07-29,Withdrawn,2025-03-14,2023-12-31,TC2,APPLICATION REVIEW,Loyalhanna - Reed Junction 25 kV,APS,9.00,Solar
AG2-439,PJM,2021-03-30,Withdrawn,2025-12-02,2028-02-01,TC2,Decision Point 1,Oxbow 34.5 kV,PENELEC,5.30,Solar
AH1-046,PJM,2021-07-01,Withdrawn,2025-04-25,2023-06-01,TC2,PHASE 1,Peach Bottom 500 kV,PECO,15.00,Solar
AH1-535,PJM,2021-09-10,Active,,,TC2,PHASE 2,Nagel - Cane River 230 kV,AEP,40.00,Hybrid
AF2-302,PJM,2020-03-30,Withdrawn,2025-01-22,2022-12-12,TC1,PHASE 2,Scottsville-Colleen 138 kV,AEP,12.00,Solar
AF1-323,PJM,2019-09-30,Withdrawn,2025-01-22,2022-12-12,TC1,PHASE 2,Scottsville-Colleen 138 kV,AEP,33.00,Solar
AG1-022,PJM,2020-05-26,Withdrawn,2025-01-22,2023-12-12,TC1,PHASE 2,Scottsville-Colleen 138 kV,AEP,12.00,Solar
AG1-021,PJM,2020-05-26,Done,,2023-12-12,TC1,FINAL AGREEMENT,Jetersville-Ponton 115 kV,Dominion,10.80,Solar
AF1-294,PJM,2019-09-30,Done,,2022-12-01,TC1,FINAL AGREEMENT,Jetersville-Ponton 115 kV,Dominion,22.20,Solar
AF2-115,PJM,2020-02-28,Done,,2022-12-01,TC1,FINAL AGREEMENT,Jetersville-Ponton 115 kV,Dominion,13.50,Solar
AH1-280,PJM,2021-09-09,Active,,,TC2,PHASE 2,Jetersville-Ponton 115 kV,Dominion,12.00,Solar
AG1-123,PJM,2020-08-31,Withdrawn,2024-06-21,2024-12-01,TC1,PHASE 1,Amherst 69 kV,AEP,38.50,Solar
AG1-494,PJM,2020-09-30,Withdrawn,2025-11-03,2023-12-01,TC1,PHASE 3,Boxwood-Riverville 138 kV,AEP,20.00,Storage
AG2-049,PJM,2020-11-20,Active,,2027-06-01,TC2,PHASE 2,Van Dorn 34.5 kV,Dominion,20.00,Other
AG1-537,PJM,2020-09-30,Withdrawn,2025-01-22,2024-10-01,TC1,PHASE 2,Barterbrook-Stuarts Draft 115 kV,Dominion,32.00,Storage
AG1-195,PJM,2020-09-18,Withdrawn,2024-06-24,2023-12-31,TC1,PHASE 1,Valley 230 kV,Dominion,150.00,Hybrid
AG1-196,PJM,2020-09-18,Withdrawn,2024-06-24,2023-12-31,TC1,PHASE 1,Grottoes 115 kV,Dominion,150.00,Hybrid
AG1-421,PJM,2020-09-30,Withdrawn,2024-06-24,2023-12-29,TC1,PHASE 1,Lexington-Dooms 230 kV,Dominion,120.00,Solar
AG1-422,PJM,2020-09-30,Withdrawn,2024-06-24,2023-12-29,TC1,PHASE 1,Lexington-Dooms 230 kV,Dominion,50.00,Storage
AG2-311,PJM,2021-03-23,Withdrawn,2025-12-02,2031-07-01,TC2,Decision Point 1,Smith Mountain 138 kV,AEP,52.50,Storage
AG2-570,PJM,2021-03-31,Active,,,TC2,PHASE 2,Heritage - Wake 500 kV,Dominion,100.00,Solar
AG2-571,PJM,2021-03-31,Active,,,TC2,PHASE 2,Heritage - Wake 500 kV,Dominion,40.00,Storage
AG2-068,PJM,2020-12-30,Active,,,TC2,PHASE 2,Heritage - Wake 500 kV,Dominion,60.00,Solar
AG2-069,PJM,2020-12-30,Active,,,TC2,PHASE 2,Heritage - Wake 500 kV,Dominion,90.00,Solar
AG2-580,PJM,2021-01-29,Withdrawn,2025-03-06,2024-10-01,TC2,APPLICATION REVIEW,Rawlings-Clover 500 kV,Dominion,90.00,Solar
AG2-581,PJM,2021-01-29,Active,,,TC2,PHASE 2,Rawlings - Unity 500 kV,Dominion,90.00,Solar
AG1-428,PJM,2020-09-30,Withdrawn,2025-01-22,2024-12-31,TC1,PHASE 2,Danieltown DP–Brunswick 69 kV ,Dominion,28.08,Solar
AG1-505,PJM,2020-09-30,Withdrawn,2024-06-24,2024-07-01,TC1,PHASE 1,Rawlings-Clover 500 kV,Dominion,90.00,Solar
AG1-506,PJM,2020-09-30,Withdrawn,2024-06-24,2024-07-01,TC1,PHASE 1,Rawlings-Clover 500 kV,Dominion,90.00,Solar
AG1-153,PJM,2020-09-10,Done,,2031-07-28,TC1,FINAL AGREEMENT,Heritage 500 kV,Dominion,30.00,Storage
AH1-221,PJM,2021-09-08,Active,,,TC2,PHASE 2,Heritage 500 kV,Dominion,45.00,Storage
AG2-640,PJM,2021-03-31,Withdrawn,2025-02-24,2025-04-01,TC2,APPLICATION REVIEW,Danieltown DP–Brunswick 69 kV,Dominion,18.70,Storage
AH1-678,PJM,2025-04-07,Active,,,TC2,PHASE 2,Heritage 500 kV,Dominion,34.00,Thermal
AH1-528,PJM,2021-09-10,Active,,,TC2,PHASE 2,Rawlings - Unity 500 kV,Dominion,180.00,Solar
AH1-408,PJM,2021-09-10,Withdrawn,2025-11-05,2029-09-01,TC2,Decision Point 1,Freeman DP - Lawrenceville 115 kV,Dominion,75.00,Solar
AH1-687,PJM,2025-04-08,Active,,,TC2,PHASE 2,Bear Garden 230kV,Dominion,51.00,Thermal
AH1-546,PJM,2021-09-10,Active,,,TC2,PHASE 2,Bremo - Buckingham 230 kV,Dominion,39.00,Solar
AG1-451,PJM,2020-09-30,Withdrawn,2025-01-22,2022-12-31,TC1,PHASE 2,Curdsville DP-Willis Mt. 115 kV,Dominion,20.00,Storage
AG1-432,PJM,2020-09-30,Withdrawn,2024-06-24,2024-12-31,TC1,PHASE 1,Curdsville DP-Willis Mt. 115 kV,Dominion,120.00,Solar
AG1-426,PJM,2020-09-30,Withdrawn,2024-08-02,2023-10-31,TC1,PHASE 1,Bremo-Scottsville 138 kV,AEP,17.00,Storage
AE2-292,PJM,2019-03-29,Withdrawn,2024-06-24,2021-04-01,TC1,PHASE 1,Grit DP-Perth 115 kV,Dominion,76.20,Solar
AE2-283,PJM,2019-03-29,Done,,2031-03-01,TC1,FINAL AGREEMENT,Gladys-Stone Mill 69 kV,Dominion,28.00,Solar
AE2-185,PJM,2019-03-18,Done,,2031-03-01,TC1,FINAL AGREEMENT,Gladys DP-Stonemill Switching Station 69 kV,Dominion,36.00,Solar
AG2-111,PJM,2021-01-29,Withdrawn,2025-12-02,2027-06-30,TC2,Decision Point 1,Perth 34.5 kV Substation (Circuit 408),Dominion,8.70,Solar
AH1-352,PJM,2021-09-10,Withdrawn,2025-03-28,2023-09-30,TC2,APPLICATION REVIEW,Red Eye 138 kV,AEP,40.00,Storage
AH1-056,PJM,2021-07-14,Withdrawn,2025-12-02,2030-12-31,TC2,Decision Point 1,Red House D.P. 115kV,Dominion,68.50,Solar
AH1-098,PJM,2021-07-30,Active,,,TC2,PHASE 2,Wolf Glade-West Carroll 138 kV,AEP,24.00,Hybrid
AG2-603,PJM,2021-03-31,Withdrawn,2025-06-09,2024-10-31,TC2,PHASE 1,Huffman 138 kV,AEP,77.00,Hybrid
AG2-639,PJM,2021-03-31,Withdrawn,2025-07-03,2025-04-01,TC2,PHASE 1,Chickahominy 230 kV,Dominion,20.00,Storage
AH1-042,PJM,2021-06-25,Withdrawn,2025-12-02,2029-09-30,TC2,Decision Point 1,Providence Forge-Turner 115kV,Dominion,99.90,Solar
AG2-646,PJM,2021-03-31,Withdrawn,2025-11-25,2029-06-01,TC2,Decision Point 1,Chesterfield 230 kV,Dominion,200.00,Storage
AH1-106,PJM,2021-08-04,Active,,,TC2,PHASE 2,Winterpock 34.5kV,Dominion,15.60,Solar
AH1-107,PJM,2021-08-04,Active,,,TC2,PHASE 2,Winterpock 34.5kV,Dominion,15.60,Solar
AG2-384,PJM,2021-03-29,Active,,,TC2,PHASE 2,Chesterfield 230 kV,Dominion,24.00,Storage
AG2-088,PJM,2021-01-26,Active,,,TC2,PHASE 2,Midlothian 230 kV,Dominion,150.00,Storage
AF1-128,PJM,2019-09-18,Done,,2029-12-31,TC1,FINAL AGREEMENT,Chesterfield 230 kV,Dominion,569.00,Thermal
AG1-538,PJM,2020-09-30,Withdrawn,2024-06-24,2024-10-01,TC1,PHASE 1,Remington-Gordonsville 230 kV,Dominion,32.00,Storage
AG2-188,PJM,2021-02-27,Withdrawn,2025-11-13,2028-12-15,TC2,Decision Point 1,Farmville - Buckingham 230 kV,Dominion,89.00,Solar
AG2-151,PJM,2021-02-23,Active,,,TC2,PHASE 2,Trices Lake - James River Tap 115 kV,Dominion,60.00,Solar
AG2-583,PJM,2021-03-31,Active,,,TC2,PHASE 2,Bremo - Cartersville 230 kV,Dominion,69.00,Solar
AH1-241,PJM,2021-09-09,Withdrawn,2025-12-03,2027-12-31,TC2,Decision Point 1,Cobbs Creek - James River Industrial 115kV,Dominion,60.00,Solar
AH1-439,PJM,2021-09-10,Active,,,TC2,PHASE 2,Buckingham- Farmville 230kV,Dominion,51.00,Solar
AH1-440,PJM,2021-09-10,Withdrawn,2025-07-03,2026-09-01,TC2,PHASE 1,Buckingham- Farmville 230kV,Dominion,34.00,Storage
AH1-072,PJM,2021-07-29,Active,,,TC2,PHASE 2,Red Onion - VC5 69 kV,AEP,12.00,Solar
AH1-073,PJM,2021-07-29,Active,,,TC2,PHASE 2,Red Onion - VC5 69 kV,AEP,12.00,Solar
AG1-449,PJM,2020-09-30,Withdrawn,2025-01-22,2022-12-31,TC1,PHASE 2,Rawlings-Carson 500 kV,Dominion,122.00,Storage
AE2-313,PJM,2019-03-29,Withdrawn,2025-01-22,2022-09-15,TC1,PHASE 2,Carson-Rawlings 500 kV,Dominion,188.40,Solar
AF1-266,PJM,2019-09-30,Withdrawn,2024-06-24,2022-12-31,TC1,PHASE 1,Clubhouse-Sapony 230 kV,Dominion,74.50,Storage
AG1-393,PJM,2020-09-30,Withdrawn,2025-11-03,2022-03-01,TC1,DP3,Sapony 34.5 kV,Dominion,12.00,Solar
AH1-197,PJM,2021-09-01,Withdrawn,2025-03-14,2021-08-20,TC2,APPLICATION REVIEW,Occoquan 230kV,Dominion,7.10,Thermal
AH1-220,PJM,2021-09-08,Done,,2029-12-31,TC2,Final Agreement,Remington CT 230 kV,Dominion,60.00,Storage
AH1-086,PJM,2021-07-30,Withdrawn,2025-11-26,2029-12-01,TC2,Decision Point 1,Morrisville 230kV,Dominion,90.00,Storage
AH1-087,PJM,2021-07-30,Withdrawn,2025-11-26,2029-12-01,TC2,Decision Point 1,Morrisville 230kV,Dominion,20.00,Storage
AH1-088,PJM,2021-07-30,Withdrawn,2025-11-26,2029-12-01,TC2,Decision Point 1,Morrisville 230kV,Dominion,20.00,Storage
AH1-089,PJM,2021-07-30,Withdrawn,2025-11-26,2029-12-01,TC2,Decision Point 1,Morrisville 230kV,Dominion,20.00,Storage
AH1-345,PJM,2021-09-10,Active,,2026-12-01,TC2,PHASE 2,Remington 324 34.5 kV,Dominion,8.40,Solar
AH1-684,PJM,2025-04-08,Active,,2028-04-15,TC2,PHASE 2,Remington CT 230 kV,Dominion,23.00,Thermal
AH1-685,PJM,2025-04-08,Active,,2028-05-31,TC2,PHASE 2,Remington CT 230 kV,Dominion,26.00,Thermal
AH1-693,PJM,2025-04-08,Active,,2029-04-15,TC2,PHASE 2,Remington CT 230 kV,Dominion,20.00,Thermal
AH1-681,PJM,2025-06-03,Active,,,TC2,PHASE 2,Cunningham 500 kV,Dominion,27.30,Thermal
AH1-217,PJM,2021-09-09,Withdrawn,2025-12-02,2028-11-30,TC2,Decision Point 1,Kidds Store - Fork Union 115 kV II,Dominion,34.20,Solar
AH1-712,PJM,2025-04-06,Active,,,TC2,PHASE 2,Cunningham 500 kV,Dominion,611.00,Thermal
AH1-723,PJM,2025-04-06,Active,,,TC2,PHASE 2,Cunningham 500 kV,Dominion,712.00,Thermal
AG1-284,PJM,2020-09-28,Withdrawn,2024-06-24,2023-09-30,TC1,PHASE 1,Fork Union 115 kV,Dominion,42.00,Solar
AF1-293,PJM,2019-09-30,Withdrawn,2024-06-24,2022-06-30,TC1,PHASE 1,Kidds Store-Fort Union 115 kV,Dominion,108.37,Hybrid
AF2-397,PJM,2020-04-01,Withdrawn,2024-06-24,2023-12-15,TC1,PHASE 1,Fork Union-Mt. Eagle 230 kV,Dominion,78.00,Hybrid
AF2-403,PJM,2020-03-31,Withdrawn,2025-01-22,2022-12-15,TC1,PHASE 1,Shockoe DP-Chatham 69 kV,Dominion,8.00,Storage
AH1-164,PJM,2021-08-31,Withdrawn,2025-12-01,2027-12-31,TC2,Decision Point 1,Oak Level - Tank Hill 138 kV,AEP,21.00,Solar
AG2-182,PJM,2021-02-26,Active,,,TC2,PHASE 2,Doubs-Bismark 500 kV,Dominion,133.33,Solar
AG2-288,PJM,2021-03-22,Active,,,TC2,PHASE 2,Stonewall 138 kV,APS,150.00,Storage
AG2-300,PJM,2021-03-23,Active,,,TC2,PHASE 2,Meadow Brook 138 kV,APS,70.00,Storage
AH1-144,PJM,2021-08-26,Active,,,TC2,PHASE 2,Peter's Mountain 138 kV,AEP,29.40,Solar
AH1-145,PJM,2021-08-26,Active,,,TC2,PHASE 2,Peter's Mountain 138 kV,AEP,80.00,Storage
AH1-355,PJM,2021-09-10,Withdrawn,2025-03-25,2024-09-10,TC2,PHASE 1,Owl Trap Switching Station 115kV,Dominion,40.00,Storage
AF1-201,PJM,2019-09-24,Withdrawn,2024-06-24,2021-12-31,TC1,PHASE 1,Hayes-White Marsh 115 kV,Dominion,90.00,Hybrid
AH1-170,PJM,2021-08-27,Active,,,TC2,PHASE 2,Columbia DP 115kV,Dominion,12.00,Solar
AH1-737,PJM,,Withdrawn,2025-04-18,2029-04-21,TC2,RRI APPLICATION REVIEW,,Dominion,200.00,Storage
AH1-677,PJM,2025-04-07,Active,,,TC2,PHASE 2,Rogers Road 500 kV,Dominion,67.00,Thermal
AE2-250,PJM,2019-03-26,Withdrawn,2025-01-22,2021-09-30,TC1,PHASE 2,Purdy Sw.-Reams 115 kV,Dominion,54.00,Solar
AF2-299,PJM,2020-03-30,Done,,2029-01-31,TC1,FINAL AGREEMENT,Fields 34.5 kV,Dominion,10.80,Solar
AG1-160,PJM,2020-09-11,Withdrawn,2024-06-24,2023-12-01,TC1,PHASE 1,Rogers Road 500 kV,Dominion,30.00,Storage
AG1-075,PJM,2020-07-31,Withdrawn,2025-01-22,2024-10-15,TC1,PHASE 1,Purdy-Sapony 115 kV,Dominion,93.20,Solar
AG2-369,PJM,2021-03-26,Active,,,TC2,PHASE 2,Heritage - Wake 500 kV,Dominion,51.60,Solar
AG2-541,PJM,2021-03-31,Withdrawn,2025-12-02,2027-11-30,TC2,Decision Point 1,Perth - Crystal Hill 115 kV,Dominion,39.00,Hybrid
AG2-260,PJM,2021-03-18,Withdrawn,2025-03-31,2025-12-01,TC2,APPLICATION REVIEW,Crystal Hill - Perth 115 kV,Dominion,89.40,Solar
AG2-262,PJM,2021-03-18,Active,,,TC2,PHASE 2,Dryburg 115 kV,Dominion,6.60,Solar
AG2-270,PJM,2021-03-19,Active,,,TC2,PHASE 2,Clover 230 kV,Dominion,105.00,Storage
AG2-112,PJM,2021-01-29,Withdrawn,2025-12-02,2027-11-30,TC2,Decision Point 1,Perth 34.5 kV Substation (Circuit 404),Dominion,9.12,Solar
AG1-105,PJM,2020-08-27,Done,,2030-05-28,TC1,FINAL AGREEMENT,Mount Laurel-Barnes Junction 115 kV,Dominion,54.00,Solar
AG1-342,PJM,2020-09-30,Done,,2030-05-31,TC1,FINAL AGREEMENT,Dryburg 115 kV,Dominion,21.60,Solar
AF2-297,PJM,2020-03-28,Withdrawn,2025-11-03,2022-03-12,TC1,PHASE 3,Sedge Hill 115 kV,Dominion,48.00,Solar
AF2-042,PJM,2019-12-09,Done,,2032-12-31,TC1,FINAL AGREEMENT,Clover-Rawlings 500 kV,Dominion,300.00,Solar
AH1-343,PJM,2021-09-10,Active,,,TC2,PHASE 2,Crystal Hill DP- Perth 115kV,Dominion,41.40,Solar
AH1-092,PJM,2021-07-30,Withdrawn,2025-05-07,2025-06-01,TC2,PHASE 1,SedgeHill - Person 230 kV,Dominion,54.00,Hybrid
AH1-679,PJM,2025-04-11,Active,,2026-05-31,TC2,PHASE 2,Four Rivers 230 kV,Dominion,20.00,Thermal
AH1-558,PJM,2021-09-10,Withdrawn,2025-06-26,2025-06-01,TC2,PHASE 1,Four Rivers 230kV,Dominion,250.00,Storage
AF2-035,PJM,2019-11-27,Withdrawn,2025-11-03,2023-10-27,TC1,PHASE 3,St. Johns 115 kV,Dominion,48.00,Solar
AG2-193,PJM,2021-02-27,Active,,,TC2,PHASE 2,Turner 34.5 kV,Dominion,12.00,Solar
AG1-531,PJM,2020-09-30,Withdrawn,2024-06-24,2023-12-12,TC1,PHASE 1,Poolesville-Winchester 230 kV,Dominion,32.40,Solar
AH1-216,PJM,2021-09-08,Active,,,TC2,PHASE 2,Smithfield-Surry 230 kV,Dominion,79.20,Hybrid
AH1-185,PJM,2021-08-31,Withdrawn,2025-02-25,2022-12-31,TC2,APPLICATION REVIEW,Benn's Church - Smithfield 34.5 kV,Dominion,12.00,Solar
AH1-716,PJM,2025-04-10,Active,,,TC2,PHASE 2,Surry-Skiffes Creek 500kV,Dominion,650.00,Storage
AH1-726,PJM,,Withdrawn,2025-07-03,2029-06-11,TC2,PHASE 1,Surry-Skiffes Creek 500kV,Dominion,600.00,Storage
AG2-124,PJM,2021-01-29,Active,,,TC2,PHASE 2,Shackleford-Harmony 115 kV,Dominion,33.34,Solar
AG2-607,PJM,2021-03-31,Withdrawn,2025-07-03,2023-11-01,TC2,PHASE 1,St. Johns - Dunbrook 34.5 kV,Dominion,12.74,Solar
AG1-019,PJM,2020-05-20,Withdrawn,2024-06-24,2023-10-31,TC1,PHASE 1,Arnold's Corner-Dahlgren 230 kV,Dominion,100.00,Storage
AG1-134,PJM,2020-09-02,Withdrawn,2024-06-24,2024-12-01,TC1,PHASE 1,Kings Dominion DP 115 kV,Dominion,60.00,Solar
AG1-146,PJM,2020-09-09,Withdrawn,2025-11-03,2024-12-01,TC1,PHASE 3,Garner DP-Lancaster 115 kV,Dominion,18.00,Solar
AG1-147,PJM,2020-09-09,Withdrawn,2025-11-03,2024-12-01,TC1,PHASE 3,Garner DP-Lancaster 115 kV,Dominion,42.00,Solar
AG2-005,PJM,2020-10-02,Withdrawn,2025-12-02,2029-12-31,TC2,Decision Point 1,Garner-Lancaster 115 kV,Dominion,8.40,Solar
AG2-215,PJM,2021-03-09,Withdrawn,2025-12-02,2027-12-31,TC2,Decision Point 1,Garner DP-Lancaster 115 kV,Dominion,36.92,Solar
AG2-366,PJM,2021-03-26,Withdrawn,2025-11-06,2029-12-31,TC2,Decision Point 1,Garner Delivery Point - Lancaster 115 kV,Dominion,20.00,Storage
AH1-223,PJM,2021-09-08,Active,,,TC2,PHASE 2,Poland Rd-Runway DP 230 kV,Dominion,20.00,Storage
AH1-727,PJM,2025-04-10,Active,,,TC2,PHASE 2,Brambleton-Goose Creek 500kV,Dominion,425.00,Storage
AH1-729,PJM,2025-04-08,Withdrawn,2025-12-02,2028-05-26,TC2,Decision Point 1,Ocean Court 230 kV,Dominion,100.00,Storage
AH1-012,PJM,2021-04-19,Withdrawn,2025-12-03,2027-12-31,TC2,Decision Point 1,Louisa - North Anna 230 kV,Dominion,20.00,Storage
AG2-208,PJM,2021-03-05,Withdrawn,2025-12-02,2030-12-31,TC2,Decision Point 1,Greenwood DP - St. Johns DP 115 kV,Dominion,44.47,Solar
AG1-305,PJM,2020-09-29,Withdrawn,2025-01-22,2022-07-01,TC1,PHASE 2,Louisa-North Anna 230 kV,Dominion,37.80,Solar
AF2-037,PJM,2019-11-29,Withdrawn,2025-01-22,2021-07-01,TC1,PHASE 2,Louisa-North Anna 230 kV,Dominion,56.40,Solar
AF2-063,PJM,2020-01-29,Withdrawn,2025-01-22,2023-02-01,TC1,PHASE 2,Louisa-North Anna 230 kV,Dominion,90.00,Solar
AF1-301,PJM,2019-09-30,Withdrawn,2024-06-24,2022-12-31,TC1,PHASE 1,Louisa-South Anna 230 kV,Dominion,70.00,Solar
AG2-213,PJM,2021-03-08,Active,,,TC2,PHASE 2,Gary D.P Tap - Gary D.P 115 kV,Dominion,48.00,Solar
AG2-171,PJM,2021-02-26,Active,,2027-12-31,TC2,PHASE 2,Lunenburg - Nutbush 115 kV,Dominion,36.00,Solar
AH1-378,PJM,2021-09-10,Withdrawn,2025-04-16,2025-06-01,TC2,PHASE 1,Lunenburg- Butcher Creek 115kV,Dominion,30.60,Solar
AG2-659,PJM,2021-03-31,Active,,,TC2,PHASE 2,Palmer Springs - Hawtree 115 kV,Dominion,48.00,Solar
AG2-341,PJM,2021-03-25,Active,,,TC2,PHASE 2,Ridge Road 115 kV,Dominion,20.00,Storage
AG2-631,PJM,2021-03-31,Withdrawn,2025-07-03,2025-04-01,TC2,PHASE 1,Boydton Plank Road 115 kV,Dominion,90.00,Solar
AE2-053,PJM,2019-02-01,Withdrawn,2024-06-24,2021-09-15,TC1,PHASE 1,Kerr Dam-Ridge Road 115 kV,Dominion,20.00,Storage
AE1-148,PJM,2018-09-24,Withdrawn,2025-11-03,2021-12-01,TC1,PHASE 2,Kerr Dam-Ridge Rd 115 kV,Dominion,54.00,Solar
AG1-098,PJM,2020-08-18,Withdrawn,2025-11-03,2024-12-01,TC1,PHASE 3,Briery-Clover 230 kV,Dominion,64.20,Solar
AG1-427,PJM,2020-09-30,Withdrawn,2025-01-22,2024-12-31,TC1,PHASE 2,Chase City-Drakes Branch 115 kV,Dominion,71.14,Solar
AG1-440,PJM,2020-09-30,Withdrawn,2024-06-24,2023-12-31,TC1,PHASE 1,Palmer Springs 115 kV,Dominion,45.00,Solar
AG1-441,PJM,2020-09-30,Withdrawn,2024-06-24,2023-12-31,TC1,PHASE 1,Palmer Springs 115 kV,Dominion,45.00,Solar
AG1-445,PJM,2020-09-30,Withdrawn,2024-06-24,2023-12-31,TC1,PHASE 1,Palmer Springs 115 kV,Dominion,26.00,Storage
AG1-446,PJM,2020-09-30,Withdrawn,2024-06-24,2023-12-31,TC1,PHASE 1,Palmer Springs 115 kV,Dominion,26.00,Storage
AG2-518,PJM,2021-03-31,Active,,,TC2,PHASE 2,Tech Drive 138 kV,AEP,32.00,Storage
AG1-124,PJM,2020-08-31,Done,,2030-11-15,TC1,FINAL AGREEMENT,Riverville - Gladstone 138 kV ,AEP,53.01,Solar
AG1-030,PJM,2020-06-09,Withdrawn,2024-06-24,2023-01-01,TC1,PHASE 1,Victoria DP-Martin DP 115 kV,Dominion,90.00,Solar
AG1-166,PJM,2020-09-16,Withdrawn,2025-11-03,2021-10-15,TC1,PHASE 3,Lone Pine 115 kV,Dominion,6.00,Solar
AG1-288,PJM,2020-09-28,Withdrawn,2024-06-24,2023-06-30,TC1,PHASE 1,Lake of the Woods DP-Wilderness DP 115 kV,Dominion,96.59,Solar
AG1-289,PJM,2020-09-28,Withdrawn,2024-06-24,2023-06-30,TC1,PHASE 1,Lake of the Woods DP-Wilderness DP 115 kV,Dominion,53.41,Storage
AG1-502,PJM,2020-09-30,Withdrawn,2025-01-22,2023-06-30,TC1,PHASE 2,Oak Green 115 kV,Dominion,64.00,Hybrid
AG1-503,PJM,2020-09-30,Withdrawn,2025-01-22,2023-06-30,TC1,PHASE 2,Oak Green 115 kV,Dominion,16.00,Hybrid
AH1-676,PJM,2025-04-04,Withdrawn,2025-11-26,2031-05-31,TC2,Decision Point 1,Gordonsville 230 kV,Dominion,1275.90,Thermal
AH1-447,PJM,2021-09-10,Withdrawn,2025-03-20,2024-12-02,TC2,APPLICATION REVIEW,Axton – Danville #2 138 kV,AEP,36.00,Storage
AH1-314,PJM,2021-09-11,Active,,,TC2,PHASE 2,East Danville 138 kV,AEP,100.00,Storage
AE2-187,PJM,2019-03-18,Withdrawn,2025-11-03,2020-09-01,TC1,PHASE 3,Shockoe DP-Chatham 69 kV,Dominion,36.00,Solar
AE2-291,PJM,2019-03-29,Done,,2030-05-28,TC1,FINAL AGREEMENT,Grit DP-Perth 115 kV,Dominion,61.20,Solar
AG2-152,PJM,2021-02-23,Active,,,TC2,PHASE 2,Banister-Bear Skin 138 kV,AEP,79.00,Solar
AG2-272,PJM,2021-03-19,Active,,,TC2,PHASE 2,Berry Hill 138 kV,AEP,21.30,Storage
AG1-539,PJM,2020-09-30,Withdrawn,2024-06-24,2024-10-01,TC1,PHASE 1,Grit DP-Perth 115 kV,Dominion,32.00,Storage
AG1-547,PJM,2020-09-30,Withdrawn,2024-06-24,2024-10-01,TC1,PHASE 1,Mount Airy-Chatham 69 kV,Dominion,32.54,Hybrid
AH1-071,PJM,2021-07-29,Active,,,TC2,PHASE 2,Midlothian 34.5 kV,Dominion,12.00,Solar
AH1-377,PJM,2021-09-10,Withdrawn,2025-11-21,2028-10-01,TC2,Decision Point 1,Clover- Farmville 230kV,Dominion,111.60,Solar
AH1-731,PJM,,Withdrawn,2025-05-02,2028-05-05,TC2,RRI APPLICATION REVIEW,,Dominion,107.00,Storage
AH1-750,PJM,,Withdrawn,2025-05-02,2029-11-10,TC2,RRI APPLICATION REVIEW,,Dominion,100.00,Storage
AG2-198,PJM,2021-02-28,Active,,,TC2,PHASE 2,Briery - Finneywood 230 kV,Dominion,48.00,Solar
AG2-566,PJM,2021-03-31,Active,,,TC2,PHASE 2,Briery - Finneywood 230 kV,Dominion,12.00,Storage
AF2-171,PJM,2020-03-19,Withdrawn,2025-01-22,2022-03-31,TC1,PHASE 1,Madisonville 115 kV,Dominion,90.00,Solar
AG2-095,PJM,2021-01-28,Active,,,TC2,PHASE 2,Hopewell 34.5 kV (Circuit 313),Dominion,10.80,Solar
AG2-093,PJM,2021-01-26,Withdrawn,2025-12-03,2029-12-01,TC2,Decision Point 1,"Spruance Genco, LLC",Dominion,100.00,Hybrid
AH1-732,PJM,,Withdrawn,2025-05-02,2028-04-30,TC2,RRI APPLICATION REVIEW,,Dominion,50.00,Storage
AH1-741,PJM,,Withdrawn,2025-05-02,2030-12-31,TC2,RRI APPLICATION REVIEW,,Dominion,97.00,Thermal
AH1-696,PJM,2025-04-07,Active,,2030-06-01,TC2,PHASE 2,Possum Point 230kV,Dominion,94.00,Thermal
AG2-284,PJM,2021-03-22,Withdrawn,2025-07-03,2023-12-31,TC2,PHASE 1,Catharpin 230 kV,Dominion,150.00,Storage
AG2-304,PJM,2021-03-23,Withdrawn,2025-11-06,2028-12-31,TC2,Decision Point 1,Liberty 230 kV,Dominion,150.00,Storage
AH1-269,PJM,2021-09-09,Active,,,TC2,PHASE 2,Claytor 138 kV,AEP,50.00,Storage
AG1-536,PJM,2020-09-30,Done,,2031-05-31,TC1,FINAL AGREEMENT,Garner-Northern Neck 115 kV,Dominion,32.00,Storage
AF2-120,PJM,2020-02-28,Done,,2031-05-31,TC1,FINAL AGREEMENT,Garner-Northern Neck 115 kV,Dominion,37.20,Solar
AG1-135,PJM,2020-09-03,Done,,2031-03-01,TC1,FINAL AGREEMENT,Garner-Lancaster 115 kV,Dominion,36.00,Solar
AG2-310,PJM,2021-03-23,Withdrawn,2025-12-02,2031-07-01,TC2,Decision Point 1,Matt Funk 138 kV,AEP,70.00,Storage
AG1-556,PJM,2020-09-30,Withdrawn,2024-06-24,2024-06-01,TC1,PHASE 1,Lexington 115 kV,Dominion,100.00,Storage
AG2-080,PJM,2021-01-21,Withdrawn,2025-07-07,2024-06-01,TC2,PHASE 1,Lexington 115 kV,Dominion,78.00,Storage
AG2-528,PJM,2021-03-31,Withdrawn,2025-06-06,2024-10-31,TC2,PHASE 1,Bustleburg Tap - Fairfield DP 115 kV,Dominion,72.80,Hybrid
AG2-542,PJM,2021-03-31,Withdrawn,2025-03-31,2024-06-03,TC2,APPLICATION REVIEW,North Shenandoah – Merck 115 kV,Dominion,42.00,Hybrid
AG1-151,PJM,2020-09-10,Withdrawn,2024-06-24,2023-10-30,TC1,PHASE 1,Endless Caverns 115 kV,Dominion,100.00,Storage
AG1-346,PJM,2020-09-30,Withdrawn,2025-01-22,2022-12-01,TC1,PHASE 2,Mount Jackson DP 115 kV,Dominion,12.00,Solar
AG2-086,PJM,2021-01-22,Active,,,TC2,PHASE 2,Mt. Jackson DP-Mt. Jackson 115 kV,Dominion,45.00,Hybrid
AH1-179,PJM,2021-08-31,Withdrawn,2025-04-09,2022-12-31,TC2,PHASE 1,Edinburg - Woodstock DP 34.5 kV,Dominion,12.00,Solar
AH1-743,PJM,,Withdrawn,2025-05-02,2029-04-30,TC2,RRI APPLICATION REVIEW,,APS,255.00,Thermal
AG2-360,PJM,2021-03-26,Active,,,TC2,PHASE 2,Broadford 138 kV,AEP,250.00,Storage
AG1-343,PJM,2020-09-30,Withdrawn,2025-01-22,2023-12-01,TC1,PHASE 2,Boykins-Murphy 115 kV,Dominion,35.00,Hybrid
AG1-394,PJM,2020-09-30,Withdrawn,2025-11-03,2022-03-01,TC1,PHASE 3,Boykins 34.5 kV,Dominion,5.00,Solar
AG1-133,PJM,2020-09-02,Withdrawn,2024-06-24,2024-12-01,TC1,PHASE 1,North Anna-Ladysmith 500 kV,Dominion,76.80,Solar
AH1-251,PJM,2021-09-09,Active,,,TC2,PHASE 2,Todds Tavern- Spotsylvania/Goldsdale 115kV,Dominion,50.00,Storage
AH1-263,PJM,2021-09-09,Active,,,TC2,PHASE 2,Chancellor 115 kV,Dominion,200.00,Storage
AG2-661,PJM,2021-03-31,Active,,,TC2,PHASE 2,Hopewell - Colonial Trail 230 kV,Dominion,20.00,Hybrid
AH1-324,PJM,2021-09-10,Withdrawn,2025-12-03,2030-12-31,TC2,Decision Point 1,Colonial Trail - Surry 230 kV,Dominion,48.00,Solar
AH1-717,PJM,2025-04-10,Withdrawn,2025-11-26,2031-12-31,TC2,Decision Point 1,Gravel Neck 230 kV,Dominion,92.70,Thermal
AG1-011,PJM,2020-05-08,Withdrawn,2024-06-24,2022-06-30,TC1,PHASE 1,Colonial Trail 230 kV,Dominion,160.00,Storage
AG1-174,PJM,2020-09-16,Withdrawn,2024-06-24,2021-10-15,TC1,PHASE 1,Hopewell-Surry 230 kV,Dominion,12.00,Solar
AF2-065,PJM,2020-01-30,Withdrawn,2024-06-24,2021-10-21,TC1,PHASE 1,Surry-Hopewell 230 kV,Dominion,76.50,Solar
AE2-270,PJM,2019-03-28,Withdrawn,2024-06-24,2021-09-29,TC1,PHASE 1,Hopewell-Surry 230 kV,Dominion,150.00,Hybrid
AG1-178,PJM,2020-09-17,Withdrawn,2024-06-24,2023-06-30,TC1,PHASE 1,Carson-Suffolk 500 kV,Dominion,324.94,Solar
AG1-179,PJM,2020-09-17,Withdrawn,2024-06-24,2023-06-30,TC1,PHASE 1,Brunswick-Gasburg 69 kV,Dominion,33.66,Solar
AG1-180,PJM,2020-09-17,Withdrawn,2024-06-24,2023-06-30,TC1,PHASE 1,Brunswick-Gasburg 69 kV,Dominion,16.40,Storage
AG1-184,PJM,2020-09-17,Withdrawn,2024-06-24,2023-06-30,TC1,PHASE 1,Carson-Suffolk 500 kV,Dominion,175.06,Storage
AG2-338,PJM,2021-03-25,Withdrawn,2025-12-02,2029-10-31,TC2,Decision Point 1,Rogers Road - Carson 500 kV,Dominion,40.00,Storage
AG2-339,PJM,2021-03-25,Active,,,TC2,PHASE 2,Rogers Road - Carson 500 kV,Dominion,85.00,Storage
AG2-436,PJM,2021-03-30,Active,,,TC2,PHASE 2,Carson - Rogers Road 500 kV,Dominion,140.00,Solar
AG2-426,PJM,2021-03-30,Active,,,TC2,PHASE 2,Wakefield - Waverly 115 kV,Dominion,33.50,Hybrid
AG2-427,PJM,2021-03-30,Withdrawn,2025-12-02,2028-04-30,TC2,Decision Point 1,Waverly 115 kV,Dominion,66.30,Hybrid
AG2-428,PJM,2021-03-30,Withdrawn,2025-12-02,2028-04-30,TC2,Decision Point 1,Wakefield 115 kV,Dominion,135.70,Hybrid
AH1-461,PJM,2021-09-10,Active,,,TC2,PHASE 2,Buckhorn 138 kV,AEP,80.00,Storage
AH1-133,PJM,2021-08-23,Active,,,TC2,PHASE 2,Saltville - Tazewell 138 kV,AEP,29.40,Solar
AH1-747,PJM,,Withdrawn,2025-05-02,2029-06-11,TC2,RRI APPLICATION REVIEW,,Dominion,300.00,Storage
AH1-227,PJM,2021-09-08,Active,,,TC2,PHASE 2,Flemming - Fremont 69 kV,AEP,30.78,Solar
AH1-348,PJM,2021-09-10,Active,,,TC2,PHASE 2,Pound 34.5 kV,AEP,6.00,Solar
AG2-462,PJM,2021-03-30,Withdrawn,2025-06-09,2024-10-31,TC2,PHASE 1,Progress Park - Glen Lyn 138 kV,AEP,78.00,Hybrid
AH1-157,PJM,2021-08-31,Withdrawn,2025-11-19,2027-12-01,TC2,Decision Point 1,Penniman - Waller 230 kV,Dominion,100.00,Storage
AG1-359,PJM,2020-09-30,Withdrawn,2024-06-24,2024-12-01,TC1,PHASE 1,Fentress 230 kV,Dominion,127.50,Storage
AG1-364,PJM,2020-09-30,Withdrawn,2024-06-24,2023-11-30,TC1,PHASE 1,Deep Creek 115 kV,Dominion,40.00,Storage
AE2-156,PJM,2019-03-15,Done,,2031-03-31,TC1,FINAL AGREEMENT,Yadkin 115 kV,Dominion,100.00,Storage
AF1-123,PJM,2019-09-17,Done,,2032-12-31,TC1,FINAL AGREEMENT,Harper 230 kV,Dominion,253.20,Wind
AF1-124,PJM,2019-09-17,Done,,2032-12-31,TC1,FINAL AGREEMENT,Harper 230 kV,Dominion,254.10,Wind
AF1-125,PJM,2019-09-17,Done,,2032-12-31,TC1,FINAL AGREEMENT,Harper 230 kV,Dominion,249.30,Wind
AH1-226,PJM,2021-09-08,Withdrawn,2025-04-11,2025-12-01,TC2,PHASE 1,Clubhouse - Sapony 230 kV,Dominion,69.00,Solar
AG2-010,PJM,2020-10-09,Withdrawn,2025-11-19,2027-12-01,TC2,Decision Point 1,Peninsula-Whealton 115 kV,Dominion,75.96,Storage
AH1-065,PJM,2021-07-27,Withdrawn,2025-12-02,2027-10-31,TC2,Decision Point 1,Hopewell 34.5kV,Dominion,8.00,Storage
AG2-202,PJM,2021-03-04,Withdrawn,2025-03-11,2022-10-31,TC2,APPLICATION REVIEW,Reusens 12.47 kV,AEP,20.00,Storage
AH1-108,PJM,2021-08-04,Active,,,TC2,PHASE 2,Spruance NUG 230 kV,Dominion,9.00,Thermal
AH1-323,PJM,2021-09-09,Withdrawn,2025-12-03,2030-12-31,TC2,Decision Point 1,Elmont 230 kV,Dominion,100.00,Storage
AH1-730,PJM,,Withdrawn,2025-05-02,2028-04-30,TC2,RRI APPLICATION REVIEW,,Dominion,100.00,Storage
AE2-123,PJM,2019-02-28,Withdrawn,2024-06-24,2027-12-31,TC1,PHASE 1,Birdneck-Landstown 230 kV,Dominion,163.30,Wind
AE2-124,PJM,2019-02-28,Withdrawn,2024-06-24,2029-12-31,TC1,PHASE 1,Landstown 230 kV,Dominion,148.50,Wind
AH1-138,PJM,2021-07-30,Active,,,TC2,PHASE 2,Penniman 34.5 kV,Dominion,8.40,Solar
AH1-254,PJM,2021-09-10,Active,,,TC2,PHASE 2,Greenland Gap 500 kV II,APS,36.54,Wind
AG2-423,PJM,2021-03-30,Active,,,TC2,PHASE 2,Cherry Run - Harmony 138 kV,APS,48.00,Solar
AG2-582,PJM,2021-03-31,Active,,,TC2,PHASE 2,Flint Run 500 kV,APS,2075.00,Thermal
AG1-219,PJM,2020-09-23,Withdrawn,2024-06-21,2023-12-01,TC1,PHASE 1,Layland 69 kV,AEP,39.50,Hybrid
AG1-194,PJM,2020-09-18,Withdrawn,2025-01-22,2023-12-01,TC1,PHASE 2,Nuttall 138 kV,AEP,27.00,Hybrid
AG2-657,PJM,2021-03-31,Active,,,TC2,PHASE 2,Kanawha River - Carbondale 138 kV,AEP,37.80,Solar
AG2-655,PJM,2021-03-31,Withdrawn,2025-07-07,2024-06-30,TC2,PHASE 1,Mt. Storm-Bismark 500 kV,Dominion,210.00,Solar
AH1-255,PJM,2021-09-09,Withdrawn,2025-07-07,2025-07-31,TC2,PHASE 1,Greenland Gap III,APS,240.00,Storage
AH1-590,PJM,2021-09-10,Withdrawn,2025-07-08,2024-12-16,TC2,PHASE 1,Cherry Ridge 66 kV,APS,30.00,Solar
AH1-591,PJM,2021-09-10,Withdrawn,2025-07-08,2024-12-16,TC2,PHASE 1,Cherry Ridge 66kV,APS,30.00,Solar
AH1-592,PJM,2021-09-10,Withdrawn,2025-07-08,2024-12-16,TC2,PHASE 1,Cherry Ridge 66kV,APS,45.00,Storage
AH1-713,PJM,2025-04-07,Active,,,TC2,PHASE 2,Mt. Storm 500kV,Dominion,14.00,Thermal
AG2-062,PJM,2020-12-15,Active,,,TC2,PHASE 2,William 138 kV,APS,21.61,Wind
AH1-376,PJM,2021-09-10,Withdrawn,2025-04-22,2025-06-01,TC2,PHASE 1,Ronceverte - Clenden 46 kV,APS,16.80,Solar
AH1-387,PJM,2021-09-10,Active,,,TC2,PHASE 2,Meadowbrook-Greenland Gap  500kV,APS,22.05,Wind
AG2-403,PJM,2021-03-30,Withdrawn,2025-12-02,2029-11-15,TC2,Decision Point 1,Meadow Brook - Mt. Storm 500 kV,APS,52.50,Solar
AG2-404,PJM,2021-03-30,Withdrawn,2025-12-02,2029-11-15,TC2,Decision Point 1,Meadow Brook - Mt. Storm 500 kV II,APS,52.50,Solar
AH1-426,PJM,2021-09-11,Withdrawn,2025-12-01,2029-12-31,TC2,Decision Point 1,Gilboa-Jones Branch 138 kV IV,APS,64.60,Storage
AG2-448,PJM,2021-03-30,Active,,,TC2,PHASE 2,Cross School - Westvaco 138 kV,APS,30.00,Solar
AG2-314,PJM,2021-03-25,Withdrawn,2024-11-27,2024-05-01,TC2,APPLICATION PHASE,Gilboa-Jones Branch 138 kV III,APS,67.00,Storage
AH1-426A,PJM,2021-09-11,Withdrawn,2025-12-01,2029-12-31,TC2,Decision Point 1,Gilboa-Jones Branch 138 kV V,APS,32.30,Storage
AH1-340,PJM,2021-09-10,Withdrawn,2025-11-13,2027-12-31,TC2,Decision Point 1,Cheat Lake-Ruthbelle 138 kV,APS,29.33,Solar
AG2-658,PJM,2021-03-31,Withdrawn,2025-11-18,2028-06-01,TC2,Decision Point 1,Cowen 138 kV,APS,135.30,Solar
AE2-138,PJM,2019-03-08,Withdrawn,2025-01-22,2022-06-01,TC1,PHASE 1,Avon-North Clark 345 kV,EKPC,20.80,Solar
AE2-210,PJM,2019-03-20,Withdrawn,2025-01-22,2022-06-01,TC1,PHASE 1,Avon-North Clark 345 kV,EKPC,7.20,Solar
AG2-184,PJM,2021-02-27,Active,,2028-12-31,TC2,PHASE 2,Harbert Metering 138 kV,AEP,126.00,Solar
AF2-111,PJM,2020-02-28,Done,,2030-06-30,TC1,FINAL AGREEMENT,North Clark-Spurlock 345 kV,EKPC,150.00,Solar
AH1-756,PJM,,Withdrawn,2025-05-02,2030-12-31,TC2,RRI APPLICATION REVIEW,,Duke,250.00,Storage
AH1-281,PJM,2021-09-09,Withdrawn,2025-12-02,2027-09-15,TC2,Decision Point 1,Bluegrass Parkway Tap - Woodlawn 69 kV,EKPC,12.00,Solar
AH1-446,PJM,2021-09-10,Withdrawn,2025-03-20,2024-12-02,TC2,APPLICATION REVIEW,Sanders DP - Westmoreland 230 kV,Dominion,19.50,Hybrid
AH1-637,PJM,2021-09-13,Active,,,TC2,PHASE 2,Oak Grove 34.5 kV,Dominion,9.60,Solar
AG2-469,PJM,2021-03-31,Withdrawn,2025-12-04,2030-12-31,TC2,Decision Point 1,Westmoreland - Oak Grove 230 kV,Dominion,48.00,Solar
AH1-753,PJM,,Withdrawn,2025-05-02,2019-09-13,TC2,RRI APPLICATION REVIEW,,AEP,396.00,Thermal
AH1-188,PJM,2021-08-31,Active,,,TC2,PHASE 2,Pigeon Creek 138 kV,AEP,84.00,Solar
AG2-354,PJM,2021-03-26,Withdrawn,2025-02-06,2024-09-30,TC2,APPLICATION REVIEW,Ragland - Grant Branch 138 kV,AEP,72.92,Hybrid
AG2-440,PJM,2021-03-30,Active,,,TC2,PHASE 2,Twittys Creek - Madisonville 115 kV,Dominion,45.00,Solar
AG2-441,PJM,2021-03-30,Active,,,TC2,PHASE 2,Twittys Creek - Madisonville 115 kV,Dominion,67.80,Solar
AG2-442,PJM,2021-03-30,Active,,,TC2,PHASE 2,Twittys Creek - Madisonville 115 kV,Dominion,84.00,Solar
AG2-077,PJM,2021-01-19,Active,,,TC2,PHASE 2,Clover-Rawlings 500 kV,Dominion,120.00,Solar
AF2-222,PJM,2020-03-25,Done,,2031-03-01,TC1,FINAL AGREEMENT,Madisonville DP-Twitty's Creek 115 kV,Dominion,100.00,Solar
AG1-272,PJM,2020-09-29,Withdrawn,2025-01-22,2022-03-01,TC1,PHASE 2,Twitty's Creek 115 kV,Dominion,6.00,Hybrid
AG1-273,PJM,2020-09-28,Withdrawn,2025-01-22,2022-06-01,TC1,PHASE 2,Twitty's Creek 115 kV,Dominion,6.00,Hybrid
AG1-274,PJM,2020-09-28,Withdrawn,2025-01-22,2022-06-01,TC1,PHASE 2,Twitty's Creek 115 kV,Dominion,6.00,Hybrid
AG1-285,PJM,2020-09-28,Done,,2031-04-30,TC1,FINAL AGREEMENT,Chase City-Central 115 kV,Dominion,75.00,Solar
AG1-185,PJM,2020-09-17,Withdrawn,2024-06-24,2023-06-30,TC1,PHASE 1,Pamplin-Chase City 115 kV,Dominion,48.91,Storage
AG1-181,PJM,2020-09-17,Withdrawn,2024-06-24,2023-06-30,TC1,PHASE 1,Pamplin-Chase City 115 kV,Dominion,101.09,Solar
AG1-384,PJM,2020-09-30,Withdrawn,2025-01-22,2022-06-01,TC1,PHASE 2,Twitty's Creek 115 kV,Dominion,6.00,Hybrid
AH1-215,PJM,2021-09-09,Withdrawn,2025-12-02,2028-11-30,TC2,Decision Point 1,Central VA-Twitty 115 kV,Dominion,18.90,Hybrid
AF1-278,PJM,2019-09-30,Withdrawn,2024-06-21,2024-06-29,TC1,PHASE 1,Lewis Run-Pierce Brook 3 230 kV,PENELEC,53.44,Solar
AH1-666,PJM,2019-09-30,Active,,,TC2,PHASE 2,Flemingsburg - Spurlock 138 kV,EKPC,48.00,Solar
AF1-233,PJM,2019-09-27,Done,,2029-03-31,TC1,FINAL AGREEMENT,Flemingsburg – Spurlock 138kV,EKPC,113.10,Solar
AH1-665,PJM,2019-01-23,Active,,,TC2,PHASE 2,Goddard-Plumsville 138 kV II,EKPC,53.50,Solar
AH1-664,PJM,2018-09-24,Active,,,TC2,PHASE 2,Goddard-Plumville 138 kV,EKPC,66.80,Solar
AH1-429,PJM,2021-09-10,Withdrawn,2025-07-03,2026-09-01,TC2,PHASE 1,Flemingsburg - Spurlock 138 kV,EKPC,54.00,Solar
AH1-034,PJM,2021-06-14,Withdrawn,2025-12-02,2029-12-31,TC2,Decision Point 1,Patton Road Junction - Summer Shade 69 kV,EKPC,70.00,Solar
AG1-070,PJM,2020-07-30,Withdrawn,2025-11-03,2024-06-01,TC1,PHASE 3,Bon Ayr 69 kV,EKPC,32.70,Solar
AG1-071,PJM,2020-07-30,Withdrawn,2025-11-03,2024-06-01,TC1,PHASE 3,Bon Ayr 69 kV,EKPC,37.50,Solar
AG1-154,PJM,2020-09-10,Withdrawn,2025-11-03,2023-12-01,TC1,PHASE 3,Ladysmith CT 230 kV,Dominion,20.00,Storage
AG1-412,PJM,2020-09-30,Withdrawn,2025-01-22,2023-12-01,TC1,PHASE 2,Ladysmith CT-Mine Road 230 kV,Dominion,80.00,Storage
AG2-320,PJM,2021-03-24,Withdrawn,2025-12-02,2031-07-01,TC2,Decision Point 1,Ladysmith 230 kV,Dominion,105.00,Storage
AH1-222,PJM,2021-09-08,Withdrawn,2025-04-29,2023-12-01,TC2,PHASE 1,Ladysmith CT 230 kV,Dominion,30.00,Storage
AH1-626,PJM,2021-09-10,Withdrawn,2025-01-14,2025-03-21,TC2,APPLICATION REVIEW,Ladysmith 230 kV,Dominion,62.50,Storage
AH1-627,PJM,2021-09-10,Withdrawn,2025-01-14,2025-03-21,TC2,APPLICATION REVIEW,Ladysmith 230 kV II,Dominion,62.50,Storage
AH1-694,PJM,2025-04-08,Active,,,TC2,PHASE 2,Ladysmith CT 230 kV,Dominion,18.00,Thermal
AH1-691,PJM,2025-04-08,Active,,,TC2,PHASE 2,Ladysmith CT 230 kV,Dominion,26.00,Thermal
AH1-692,PJM,2025-04-08,Active,,,TC2,PHASE 2,Ladysmith CT 230 kV,Dominion,26.00,Thermal
AH1-682,PJM,2025-04-04,Active,,,TC2,PHASE 2,Ladysmith CT 230 kV,Dominion,21.00,Thermal
AH1-683,PJM,2025-04-04,Active,,,TC2,PHASE 2,Ladysmith CT 230 kV,Dominion,25.00,Thermal
AH1-081,PJM,2021-07-30,Withdrawn,2025-05-05,2024-12-20,TC2,PHASE 1,Knob Lick 69kV,EKPC,36.00,Solar
AH1-082,PJM,2021-07-30,Withdrawn,2025-05-05,2024-12-20,TC2,PHASE 1,Knob Lick 69kV,EKPC,26.40,Solar
AH1-083,PJM,2021-07-30,Withdrawn,2025-05-05,2024-12-20,TC2,PHASE 1,Summer Shade - Green County 161 kV,EKPC,60.00,Solar
AG2-094,PJM,2021-01-27,Withdrawn,2025-05-05,2024-04-01,TC2,PHASE 1,Summer Shade-Green County 161 kV,EKPC,90.00,Solar
AG1-341,PJM,2020-09-30,Done,,2028-12-31,TC1,FINAL AGREEMENT,Summer Shade 161 kV,EKPC,63.60,Hybrid
AG1-306,PJM,2020-09-29,Withdrawn,2024-06-21,2023-10-01,TC1,PHASE 1,Fawkes-Dale 138 kV,EKPC,39.00,Solar
AE2-275,PJM,2019-03-28,Withdrawn,2025-01-22,2022-06-01,TC1,PHASE 1,J.K. Smith-Fawkes 138 kV,EKPC,7.20,Solar
AE2-308,PJM,2019-03-29,Done,,2029-01-31,TC1,FINAL AGREEMENT,Three Forks-Dale 138 kV,EKPC,60.00,Solar
AF2-348,PJM,2020-03-31,Withdrawn,2025-01-22,2022-07-01,TC1,DP2,North Clark-Spurlock 345 kV,EKPC,150.00,Solar
AF2-355,PJM,2020-03-31,Withdrawn,2025-01-22,2022-07-01,TC1,DP2,West Gerrard-J.K. Smith 345 kV,EKPC,135.00,Solar
AG2-073,PJM,2021-01-11,Active,,,TC2,PHASE 2,Crooksville 69 kV,EKPC,50.88,Solar
AG1-526,PJM,2020-09-30,Withdrawn,2025-11-03,2023-06-01,TC1,PHASE 3,West Garrard 345 kV,EKPC,133.20,Solar
AH1-004,PJM,2021-04-07,Active,,,TC2,PHASE 2,Avon - Renaker 138 kV,EKPC,24.00,Solar
AG2-670,PJM,2021-03-31,Withdrawn,2025-12-02,2029-12-31,TC2,Decision Point 1,Greensburg 69 kV,EKPC,45.00,Solar
AH1-751,PJM,,Withdrawn,2025-05-02,2029-09-30,TC2,RRI APPLICATION REVIEW,,EKPC,150.00,Storage
AG1-354,PJM,2020-09-30,Done,,2028-10-30,TC1,FINAL AGREEMENT,Summershade-Green County 161 kV,EKPC,90.00,Solar
AG2-553,PJM,2021-03-31,Withdrawn,2025-12-02,2029-05-31,TC2,Decision Point 1,Bullitt County 161 kV,EKPC,20.00,Storage
AF2-365,PJM,2020-03-31,Withdrawn,2025-11-03,2022-12-31,TC1,PHASE 3,Munfordville KU Tap-Horse Cave Jct. 69 kV,EKPC,30.00,Solar
AF2-391,PJM,2020-03-31,Withdrawn,2025-01-14,2023-06-15,TC1,PHASE 2,Central Hardin 69 kV,EKPC,72.00,Hybrid
AG1-320,PJM,2020-09-30,Done,,2029-12-31,TC1,FINAL AGREEMENT,Hodgenville-Stephensburg 69 kV,EKPC,54.80,Solar
AG2-081,PJM,2021-01-21,Active,,,TC2,PHASE 2,Avon - Renaker 138 kV,EKPC,18.00,Solar
AG2-298,PJM,2021-03-23,Active,,,TC2,PHASE 2,Sulphur Creek-Loretto 69 kV,EKPC,23.33,Solar
AG1-488,PJM,2020-09-30,Withdrawn,2024-06-21,2022-09-30,TC1,PHASE 1,Marion Co 161 kV,EKPC,42.00,Solar
AG1-405,PJM,2020-09-30,Withdrawn,2025-11-03,2024-09-25,TC1,PHASE 3,Walnut Grove-Asahi 69 kV,EKPC,34.20,Solar
AG1-406,PJM,2020-09-30,Withdrawn,2025-11-03,2024-09-25,TC1,PHASE 3,Walnut Grove-Asahi 69 kV,EKPC,22.00,Storage
AG1-353,PJM,2020-09-30,Withdrawn,2025-01-22,2023-12-31,TC1,PHASE 1,Green County-Marion County 161 kV,EKPC,58.80,Solar
AF2-307,PJM,2020-03-30,Withdrawn,2025-11-03,2023-09-01,TC1,PHASE 3,Hope-Belvins Valley Tap 69 kV,EKPC,39.60,Solar
AH1-463,PJM,2021-09-10,Withdrawn,2025-04-22,2024-12-31,TC2,PHASE 1,Owingsville - Preston 69 kV,EKPC,39.00,Solar
AF1-116,PJM,2019-09-12,Withdrawn,2025-02-28,2023-12-29,TC1,DP2,Marion County 161 kV,EKPC,72.00,Solar
AG2-179,PJM,2021-02-26,Withdrawn,2025-12-04,2027-11-19,TC2,Decision Point 1,Sewellton Junction 69 kV,EKPC,57.00,Hybrid
AG2-424,PJM,2021-03-30,Active,,,TC2,PHASE 2,Summersville - Magnolia 69 kV,EKPC,34.95,Hybrid
C01-1013,PJM,2025-05-30,Withdrawn,2025-06-02,2028-06-30,C01,Application Submission,,PEPCO,108.00,Thermal
C01-1024,PJM,2026-02-27,Withdrawn,2026-03-19,2028-08-01,C01,Application Submission,,Dominion,250.00,Storage
C01-1129,PJM,2026-02-16,Withdrawn,2026-02-18,2027-06-25,C01,Application Submission,,Dominion,100.00,Thermal
