Project ID,ISO,Status,Queue Date,Proposed Date,Transmission Owner,Service Type,County,State,Study Cycle,Study Group,MW Capacity,Fuel Type
TI-18-0827,SPP,Done,2018-08-27,2022-06-24,TSGT,ERIS/NRIS,Weld County,CO,RTOE Transitional Cluster,,145.00,Wind
TI-17-0224,SPP,Done,2017-02-24,2020-09-02,TSGT,ERIS/NRIS,Kit Carson/Cheyenne Counties,CO,RTOE Transitional Cluster,,104.00,Wind
GI-TC-2024-31,SPP,Active,2024-05-29,2027-10-01,TSGT,ERIS,Elbert County,CO,RTOE Transitional Cluster,,398.00,Hybrid
GI-TC-2024-30,SPP,Done,2024-05-29,2028-03-01,TSGT,ERIS/NRIS,Morgan County,CO,RTOE Transitional Cluster,,199.90,Hybrid
GI-TC-2024-29,SPP,Active,2024-05-29,2027-09-15,TSGT,ERIS/NRIS,Kit Carson County,CO,RTOE Transitional Cluster,,170.00,Wind
GI-TC-2024-28,SPP,Active,2023-05-31,2031-06-02,TSGT,ERIS/NRIS,Weld County,CO,RTOE Transitional Cluster,,222.30,Solar
GI-TC-2024-26,SPP,Active,2023-05-31,2028-01-01,TSGT,ERIS/NRIS,Elbert County,CO,RTOE Transitional Cluster,,199.00,Hybrid
GI-TC-2024-25,SPP,Active,2024-05-28,2031-06-02,TSGT,ERIS,Weld County,CO,RTOE Transitional Cluster,,350.00,Wind
GI-TC-2024-22,SPP,Active,2024-05-23,2031-06-02,TSGT,ERIS/NRIS,Weld County,CO,RTOE Transitional Cluster,,140.00,Solar
GI-TC-2024-21,SPP,Active,2024-05-24,2030-07-02,TSGT,ERIS,Montezuma County,CO,RTOE Transitional Cluster,,125.00,Hybrid
GI-TC-2024-20,SPP,Active,2024-05-29,2030-09-02,TSGT,ERIS/NRIS,Lincoln County,CO,RTOE Transitional Cluster,,250.00,Solar
GI-TC-2024-19,SPP,Done,2024-05-07,2027-05-03,TSGT,ERIS,Montrose County,CO,RTOE Transitional Cluster,,100.00,Storage
GI-TC-2024-18,SPP,Active,2024-05-29,2029-08-02,TSGT,ERIS,Montezuma County,CO,RTOE Transitional Cluster,,100.00,Storage
GI-TC-2024-17,SPP,Active,2024-05-29,2030-07-02,TSGT,ERIS,Kit Carson County,CO,RTOE Transitional Cluster,,225.00,Solar
GI-TC-2024-16,SPP,Done,2023-05-16,2029-06-30,TSGT,ERIS,Laramie County,WY,RTOE Transitional Cluster,,400.00,Wind
GI-TC-2024-15,SPP,Done,2024-05-23,2029-09-30,TSGT,ERIS,Laramie County,WY,RTOE Transitional Cluster,,250.00,Wind
GI-TC-2024-14,SPP,Active,2023-05-31,2031-04-02,TSGT,ERIS/NRIS,Weld County,CO,RTOE Transitional Cluster,,206.01,Solar
GI-TC-2024-12,SPP,Done,2024-05-21,2027-03-01,TSGT,ERIS,Yuma County,CO,RTOE Transitional Cluster,,170.00,Wind
GI-TC-2024-11,SPP,Done,2024-05-29,2027-12-31,TSGT,ERIS,Kit Carson County,CO,RTOE Transitional Cluster,,166.60,Wind
GI-TC-2024-10,SPP,Active,2024-05-23,2026-03-05,TSGT,ERIS,Kit Carson County,CO,RTOE Transitional Cluster,,199.00,Solar
GI-TC-2024-09,SPP,Active,2023-05-26,2028-12-05,TSGT,ERIS,Yuma County,CO,RTOE Transitional Cluster,,199.00,Solar
GI-TC-2024-08,SPP,Done,2023-05-26,2027-12-31,TSGT,ERIS,Kit Carson County,CO,RTOE Transitional Cluster,,150.00,Wind
GI-TC-2024-07,SPP,Active,2023-05-22,2026-11-01,TSGT,ERIS,Cheyenne County,CO,RTOE Transitional Cluster,,199.00,Solar
GI-TC-2024-06,SPP,Active,2023-05-22,2027-12-01,TSGT,ERIS,Platte County,WY,RTOE Transitional Cluster,,150.00,Wind
GI-TC-2024-05,SPP,Active,2023-05-22,2027-12-01,TSGT,ERIS,Platte County,WY,RTOE Transitional Cluster,,150.00,Wind
GI-TC-2024-04,SPP,Active,2023-05-22,2027-12-01,TSGT,ERIS,Platte County,WY,RTOE Transitional Cluster,,150.00,Wind
GI-TC-2024-03,SPP,Active,2023-05-08,2029-10-02,TSGT,ERIS,Platte/Goshen Counties,WY,RTOE Transitional Cluster,,160.00,Solar
GI-TC-2024-02,SPP,Active,2024-04-25,2030-08-02,TSGT,ERIS/NRIS,Lincoln County,CO,RTOE Transitional Cluster,,150.00,Hybrid
GI-TC-2024-01,SPP,Active,2024-04-25,2030-08-02,TSGT,ERIS/NRIS,Lincoln County,CO,RTOE Transitional Cluster,,150.00,Hybrid
GI-TC-2021-07,SPP,Done,2021-03-15,2024-05-01,TSGT,ERIS/NRIS,Delta County,CO,RTOE Transitional Cluster,,80.00,Solar
GI-TC-2021-06,SPP,Done,2021-03-15,2021-10-29,TSGT,ERIS/NRIS,Logan County,CO,RTOE Transitional Cluster,,200.00,Wind
GI-TC-2021-03,SPP,Done,2021-03-15,2024-06-14,TSGT,ERIS/NRIS,Dolores County,CO,RTOE Transitional Cluster,,110.00,Solar
GI-TC-2021-01,SPP,Done,2021-03-15,2024-06-30,TSGT,ERIS/NRIS,Moffat & Rio Blanco Counties,CO,RTOE Transitional Cluster,,145.00,Solar
GI-SISS-2026-04,SPP,Active,2026-02-09,2028-01-03,TSGT,ERIS,"Kit Carson County,",CO,RTOE Transitional Cluster,,150.00,Storage
GI-SISS-2026-03,SPP,Active,2026-02-09,2028-01-03,TSGT,ERIS,"Kit Carson County,",CO,RTOE Transitional Cluster,,150.00,Storage
GI-SISS-2025-06,SPP,Active,2025-10-02,,TSGT,ERIS/NRIS,Logan County,CO,RTOE Transitional Cluster,,200.00,Storage
GI-SISS-2025-05,SPP,Active,2025-08-08,,TSGT,ERIS/NRIS,Kit Carson County,CO,RTOE Transitional Cluster,,150.00,Storage
GI-SISS-2025-04,SPP,Active,2025-07-25,2027-09-30,TSGT,ERIS,Kit Carson County,CO,RTOE Transitional Cluster,,79.00,Storage
GI-RSC-2025-03,SPP,Active,2025-07-18,,TSGT,ERIS,Montrose County,CO,RTOE Transitional Cluster,,50.00,Storage
GI-RSC-2025-02,SPP,Active,2025-07-18,,TSGT,ERIS,Moffat County,CO,RTOE Transitional Cluster,,200.00,Storage
GI-DISIS-2022-44,SPP,Done,2022-05-31,2030-06-25,TSGT,ERIS/NRIS,Moffat County,CO,RTOE Transitional Cluster,,199.00,Hybrid
GI-DISIS-2022-41,SPP,Done,2022-05-31,2028-12-30,TSGT,ERIS,Kit Carson County,CO,RTOE Transitional Cluster,,49.60,Wind
GI-DISIS-2022-29,SPP,Done,2022-05-31,2029-03-16,TSGT,ERIS/NRIS,Lincoln County,CO,RTOE Transitional Cluster,,199.90,Wind
GI-DISIS-2022-28,SPP,Done,2022-05-31,2029-12-31,TSGT,ERIS,Kit Carson County,CO,RTOE Transitional Cluster,,199.00,Hybrid
GI-DISIS-2022-22,SPP,Done,2022-05-27,2028-10-01,TSGT,ERIS,Kit Carson County,CO,RTOE Transitional Cluster,,90.00,Hybrid
GI-DISIS-2022-17,SPP,Done,2022-05-27,2030-05-01,TSGT,ERIS,Kiowa County/Prowers County,CO,RTOE Transitional Cluster,,199.00,Wind
GI-DISIS-2022-07,SPP,Done,2022-05-24,2029-02-27,TSGT,ERIS/NRIS,Weld County,CO,RTOE Transitional Cluster,,199.00,Hybrid
GI-DISIS-2022-04,SPP,Done,2022-05-09,2027-06-29,TSGT,ERIS,Kit Carson County,CO,RTOE Transitional Cluster,,158.00,Hybrid
GI-DISIS-2022-02,SPP,Done,2022-05-05,2030-04-01,TSGT,ERIS,Weld County,CO,RTOE Transitional Cluster,,199.00,Hybrid
GI-DISIS-2021-10,SPP,Done,2021-05-28,2027-09-05,TSGT,ERIS/NRIS,Converse County,WY,RTOE Transitional Cluster,,199.00,Hybrid
GI-CS-2025-29,SPP,Active,2025-10-06,,TSGT,ERIS,"Yuma County,",CO,RTOE Transitional Cluster,,300.00,Hybrid
GI-CS-2025-27,SPP,Active,2025-10-03,,TSGT,ERIS/NRIS,"Delta County,",CO,RTOE Transitional Cluster,,199.00,Thermal
GI-CS-2025-26,SPP,Active,2025-10-02,,TSGT,ERIS,"Kit Carson County,",CO,RTOE Transitional Cluster,,199.00,Wind
GI-CS-2025-25,SPP,Active,2025-10-02,,TSGT,ERIS,"Platte County,",WY,RTOE Transitional Cluster,,800.00,Hybrid
GI-CS-2025-24,SPP,Active,2025-09-29,,TSGT,ERIS/NRIS,"Kit Carson County,",CO,RTOE Transitional Cluster,,225.00,Wind
GI-CS-2025-20,SPP,Active,2025-09-29,,TSGT,ERIS/NRIS,"Morgan County,",CO,RTOE Transitional Cluster,,199.90,Hybrid
GI-CS-2025-19,SPP,Active,2025-09-29,,TSGT,ERIS/NRIS,"Morgan County,",CO,RTOE Transitional Cluster,,199.90,Hybrid
GI-CS-2025-17,SPP,Active,2025-09-26,,TSGT,ERIS/NRIS,"Moffat County,",CO,RTOE Transitional Cluster,,199.50,Hybrid
GI-CS-2025-16,SPP,Active,2025-09-26,,TSGT,ERIS/NRIS,"Weld County,",CO,RTOE Transitional Cluster,,150.00,Hybrid
GI-CS-2025-11,SPP,Active,2025-09-19,,TSGT,ERIS,"Lincoln County,",CO,RTOE Transitional Cluster,,199.00,Wind
GI-CS-2025-08,SPP,Active,2025-09-18,,TSGT,ERIS,"Kit Carson,",CO,RTOE Transitional Cluster,,199.00,Wind
GI-CS-2025-07,SPP,Active,2025-09-18,,TSGT,ERIS,"Kit Carson,",CO,RTOE Transitional Cluster,,199.00,Wind
GI-CS-2025-05,SPP,Active,2025-09-18,,TSGT,ERIS,"Weld County,",CO,RTOE Transitional Cluster,,300.00,Solar
GI-CS-2025-04,SPP,Active,2025-09-17,,TSGT,ERIS/NRIS,"Laramie County,",WY,RTOE Transitional Cluster,,330.00,Hybrid
GI-CS-2025-03,SPP,Active,2025-09-16,,TSGT,ERIS/NRIS,"Kit Carson,",CO,RTOE Transitional Cluster,,300.00,Hybrid
GI-CS-2025-02,SPP,Active,2025-09-11,,TSGT,ERIS/NRIS,"Adams County,",CO,RTOE Transitional Cluster,,199.00,Hybrid
GEN-2026-SR9,SPP,Active,2025-12-18,,ITCGP,ERIS,Wright,KS,Surplus,03 CENTRAL,252.00,Storage
GEN-2026-SR8,SPP,Active,2026-02-05,,AEP,NRIS,Elgin,OK,Surplus,04 SOUTHEAST,500.00,Storage
GEN-2026-SR7,SPP,Active,2026-01-21,,BEPC,ERIS,South Heart,ND,Surplus,01 NORTH,150.00,Storage
GEN-2026-SR6,SPP,Active,2026-01-22,,BEPC,ERIS,South Heart,ND,Surplus,01 NORTH,150.00,Storage
GEN-2026-SR5,SPP,Active,2026-01-20,,WERE,ERIS/NRIS,Wellington,KS,Surplus,03 CENTRAL,200.00,Storage
GEN-2026-SR4,SPP,Active,2025-11-17,,OG&E,ERIS,Oktaha,OK,Surplus,04 SOUTHEAST,400.00,Storage
GEN-2026-SR3,SPP,Active,2026-01-14,,AEP,ERIS,Sayre,OK,Surplus,04 SOUTHEAST,100.00,Storage
GEN-2026-SR22,SPP,Active,2026-05-04,,WERE,ERIS,Oxford,KS,Surplus,04 SOUTHEAST,150.00,Storage
GEN-2026-SR21,SPP,Active,2026-05-28,,AEP,ERIS,South Coffeyville,OK,Surplus,04 SOUTHEAST,148.00,Storage
GEN-2026-SR20,SPP,Active,2026-03-26,,LES,ERIS/NRIS,Lincoln,NE,Surplus,02 NEBRASKA,225.00,Storage
GEN-2026-SR2,SPP,Active,2025-12-19,,SUNC,ERIS,Cimmaron,KS,Surplus,03 CENTRAL,165.60,Storage
GEN-2026-SR19,SPP,Active,2026-03-30,,AEP,ERIS/NRIS,Duncan,OK,Surplus,04 SOUTHEAST,200.00,Storage
GEN-2026-SR18,SPP,Active,2026-03-06,,EDE,ERIS/NRIS,Sarcoxie,MO,Surplus,03 CENTRAL,150.00,Storage
GEN-2026-SR17,SPP,Active,2026-03-16,,NEETS,NRIS,Savonburg,KS,Surplus,03 CENTRAL,204.30,Storage
GEN-2026-SR16,SPP,Active,2026-02-16,,WERE,ERIS,McPherson,KS,Surplus,03 CENTRAL,300.00,Storage
GEN-2026-SR15,SPP,Active,2026-01-19,,OGE,ERIS,Balko,OK,Surplus,05 SOUTHWEST,200.00,Storage
GEN-2026-SR14,SPP,Active,2026-01-16,,SPS,ERIS/NRIS,Panhandle,TX,Surplus,05 SOUTHWEST,158.00,Storage
GEN-2026-SR13,SPP,Active,2026-01-17,,SPS,ERIS,Gruver,TX,Surplus,05 SOUTHWEST,208.00,Storage
GEN-2026-SR12,SPP,Active,2026-01-18,,SPS,ERIS/NRIS,Balko,OK,Surplus,05 SOUTHWEST,100.00,Storage
GEN-2026-SR11,SPP,Active,2026-01-26,,OGE,ERIS/NRIS,Mill Creek,OK,Surplus,04 SOUTHEAST,258.00,Storage
GEN-2026-SR10,SPP,Active,2026-01-14,,SPS,ERIS,Spearman,TX,Surplus,05 SOUTHWEST,457.00,Storage
GEN-2026-SR1,SPP,Active,2025-11-07,,WERE,ERIS/NRIS,Garden Plain,KS,Surplus,03 CENTRAL,100.00,Storage
GEN-2026-PR9,SPP,Active,2026-02-28,,SPS,ERIS,Crosby County,TX,Priority Process,05 SOUTHWEST,15.99,Wind
GEN-2026-PR7,SPP,Active,2026-02-28,,MIDW,ERIS,Brownell County,KS,Priority Process,03 CENTRAL,39.76,Wind
GEN-2026-PR6,SPP,Active,2026-01-08,,OG&E,ERIS,Goltry,OK,Priority Process,04 SOUTHEAST,49.72,Wind
GEN-2026-PR5,SPP,Active,2026-01-07,,OG&E,ERIS,Goultry,OK,Priority Process,04 SOUTHEAST,60.40,Storage
GEN-2026-PR4,SPP,Active,2025-12-19,,SPS,ERIS,Spearman,TX,Priority Process,05 SOUTHWEST,131.56,Storage
GEN-2026-PR2,SPP,Active,2025-12-01,,OG&E,ERIS,Dewey County,OK,Priority Process,04 SOUTHEAST,41.89,Wind
GEN-2026-PR18,SPP,Active,2026-05-07,,SPS,ERIS,Lea County,NM,Priority Process,05 SOUTHWEST,30.00,Thermal
GEN-2026-PR17,SPP,Active,2026-02-28,,OGE,ERIS,Grady County,OK,Priority Process,04 SOUTHEAST,40.50,Storage
GEN-2026-PR16,SPP,Active,2026-02-28,,SPS,ERIS,Carson County,TX,Priority Process,05 SOUTHWEST,31.82,Wind
GEN-2026-PR15,SPP,Active,2026-02-28,,AEP,ERIS,Custer County,OK,Priority Process,04 SOUTHEAST,31.36,Wind
GEN-2026-PR14,SPP,Active,2026-02-28,,OGE,ERIS,Pawnee County,OK,Priority Process,04 SOUTHEAST,43.99,Storage
GEN-2026-PR13,SPP,Active,2026-02-28,,OGE,ERIS,Hinton County,OK,Priority Process,04 SOUTHEAST,25.96,Wind
GEN-2026-PR12,SPP,Active,2026-02-28,,OGE,ERIS,Kay County,OK,Priority Process,04 SOUTHEAST,11.96,Wind
GEN-2026-PR11,SPP,Active,2026-02-28,,SPS,ERIS,Cochran County,TX,Priority Process,05 SOUTHWEST,30.00,Wind
GEN-2026-PR1,SPP,Active,2025-12-01,,OG&E,ERIS,Garfield County,TX,Priority Process,05 SOUTHWEST,52.63,Wind
GEN-2025-SR9,SPP,Active,2025-05-31,,OG&E,ERIS,Fort Gibson,OK,Surplus,04 SOUTHEAST,400.00,Thermal
GEN-2025-SR8,SPP,Done,2025-05-30,,OG&E,ERIS,Morrison,OK,Surplus,04 SOUTHEAST,219.96,Storage
GEN-2025-SR7,SPP,Active,2025-05-30,,SPS,ERIS/NRIS,Fort Gibson,OK,Surplus,05 SOUTHWEST,102.00,Storage
GEN-2025-SR6,SPP,Active,2025-06-04,,OG&E,ERIS/NRIS,Minco,OK,Surplus,04 SOUTHEAST,200.00,Storage
GEN-2025-SR5,SPP,Active,2025-05-22,,NPPD,ERIS/NRIS,Hallam,NE,Surplus,02 NEBRASKA,40.00,Storage
GEN-2025-SR4,SPP,Active,2025-08-18,,SUNC,ERIS/NRIS,Kinsley,KS,Surplus,03 CENTRAL,150.00,Storage
GEN-2025-SR32,SPP,Active,2025-10-20,,SPS,ERIS,Roswell,NM,Surplus,05 SOUTHWEST,50.00,Storage
GEN-2025-SR31,SPP,Active,2025-11-07,,NPPD,ERIS,Meadow Grove,NE,Surplus,02 NEBRASKA,170.00,Storage
GEN-2025-SR30,SPP,Active,2025-08-22,,OG&E,ERIS,Oakwood,OK,Surplus,04 SOUTHEAST,209.00,Storage
GEN-2025-SR3,SPP,Done,2025-08-18,,ITCGP,ERIS/NRIS,Minneola,KS,Surplus,03 CENTRAL,150.00,Storage
GEN-2025-SR29,SPP,Active,2025-08-18,,SPS,ERIS,Hobbs,NM,Surplus,05 SOUTHWEST,74.99,Storage
GEN-2025-SR28,SPP,Active,2025-08-18,,OG&E,ERIS,Balko,OK,Surplus,05 SOUTHWEST,263.13,Storage
GEN-2025-SR27,SPP,Active,2025-07-01,,SPS,ERIS,Roswell,NM,Surplus,05 SOUTHWEST,50.00,Storage
GEN-2025-SR26,SPP,Active,2025-06-12,,OPPD,ERIS,Plattsmouth,NE,Surplus,02 NEBRASKA,200.00,Thermal
GEN-2025-SR25,SPP,Active,2025-06-12,,AEP,ERIS,Sperry,OK,Surplus,04 SOUTHEAST,200.00,Thermal
GEN-2025-SR24,SPP,Active,2025-06-12,,OPPD,ERIS,Blair,NE,Surplus,02 NEBRASKA,200.00,Thermal
GEN-2025-SR23,SPP,Done,2025-06-12,,OG&E,ERIS/NRIS,Oklahoma City,OK,Surplus,04 SOUTHEAST,100.00,Thermal
GEN-2025-SR22,SPP,Done,2025-06-12,,OG&E,ERIS,Harrah,OK,Surplus,04 SOUTHEAST,100.00,Thermal
GEN-2025-SR21,SPP,Active,2025-06-12,,AEP,ERIS,Tulsa,OK,Surplus,04 SOUTHEAST,100.00,Thermal
GEN-2025-SR20,SPP,Active,2025-06-12,,OPPD,ERIS,Omaha,NE,Surplus,02 NEBRASKA,100.00,Thermal
GEN-2025-SR2,SPP,Active,2025-05-05,,SPS,ERIS,Hansford County,TX,Surplus,05 SOUTHWEST,67.20,Wind
GEN-2025-SR19,SPP,Done,2025-06-12,,GRDA,ERIS,Chouteau,OK,Surplus,04 SOUTHEAST,100.00,Thermal
GEN-2025-SR18,SPP,Active,2025-06-12,,INDN,ERIS,Indepedence,MO,Surplus,03 CENTRAL,50.00,Thermal
GEN-2025-SR17,SPP,Active,2025-06-06,,AEP,ERIS/NRIS,Duncan,OK,Surplus,04 SOUTHEAST,200.00,Storage
GEN-2025-SR16,SPP,Active,2025-06-05,,WERE,ERIS,Oxford,KS,Surplus,03 CENTRAL,300.00,Storage
GEN-2025-SR15,SPP,Active,2025-05-31,,OG&E,ERIS,Newcastle,OK,Surplus,04 SOUTHEAST,125.00,Thermal
GEN-2025-SR14,SPP,Active,2025-05-31,,OG&E,ERIS,Oklahoma City,OK,Surplus,04 SOUTHEAST,183.00,Storage
GEN-2025-SR13,SPP,Active,2025-05-31,,OG&E,ERIS,Konawa,OK,Surplus,04 SOUTHEAST,130.00,Thermal
GEN-2025-SR12,SPP,Active,2025-05-31,,OG&E,ERIS,Red Rock,OK,Surplus,04 SOUTHEAST,116.00,Storage
GEN-2025-SR11,SPP,Active,2025-05-31,,OG&E,ERIS,Red Rock,OK,Surplus,04 SOUTHEAST,112.00,Storage
GEN-2025-SR10,SPP,Active,2025-05-31,,OG&E,ERIS,Konawa,OK,Surplus,04 SOUTHEAST,238.00,Thermal
GEN-2025-SR1,SPP,Active,2025-04-04,,KCPL,ERIS/NRIS,Clinton,MO,Surplus,03 CENTRAL,400.00,Storage
GEN-2025-GR6,SPP,Active,2025-11-07,,SPS,ERIS,Dimmit,TX,Replacement,05 SOUTHWEST,300.00,Wind
GEN-2025-GR5,SPP,Active,2025-10-06,,WAPA,ERIS/NRIS,Minot,ND,Replacement,01 NORTH,7.70,Wind
GEN-2025-GR4,SPP,Active,2025-10-06,,WAPA,ERIS/NRIS,Plankinton,SD,Replacement,01 NORTH,10.80,Wind
GEN-2025-GR2,SPP,Active,2025-06-30,,SPS,ERIS,Elida,NM,Replacement,05 SOUTHWEST,120.00,Wind
GEN-2025-GR1,SPP,Done,2024-12-17,,OG&E,ERIS,Medford,OK,Replacement,04 SOUTHEAST,300.00,Wind
GEN-2024-SR9,SPP,Done,2024-01-26,,OG&E,ERIS,Beaver County,OK,Surplus,05 SOUTHWEST,150.00,Storage
GEN-2024-SR8,SPP,Active,2024-04-03,,NPPD,ERIS,Greely County,NE,Surplus,02 NEBRASKA,70.00,Storage
GEN-2024-SR7,SPP,Done,2024-01-26,,OG&E,ERIS,Beaver County,OK,Surplus,05 SOUTHWEST,200.00,Solar
GEN-2024-SR6,SPP,Done,2024-02-20,,OG&E,ERIS,Johnston County,OK,Surplus,04 SOUTHEAST,200.00,Storage
GEN-2024-SR5,SPP,Done,2024-02-07,,OG&E,ERIS,Drumright,OK,Surplus,04 SOUTHEAST,176.90,Storage
GEN-2024-SR3,SPP,Done,2024-02-01,,OG&E,ERIS/NRIS,Lincoln County,OK,Surplus,04 SOUTHEAST,72.50,Storage
GEN-2024-SR2,SPP,Done,2024-02-06,,OG&E,ERIS/NRIS,Franklin County,AR,Surplus,04 SOUTHEAST,72.50,Storage
GEN-2024-SR17,SPP,Done,2024-12-26,,OG&E,ERIS/NRIS,Kay,OK,Surplus,04 SOUTHEAST,50.00,Storage
GEN-2024-SR16,SPP,Active,2024-12-03,,AEP,ERIS,Oologah,OK,Surplus,04 SOUTHEAST,100.00,Storage
GEN-2024-SR15,SPP,Active,2024-10-24,,SPS,ERIS,Yoakum,TX,Surplus,05 SOUTHWEST,300.00,Storage
GEN-2024-SR14,SPP,Done,2024-07-08,,Xcel/SPS,ERIS,Lea County,NM,Surplus,05 SOUTHWEST,36.00,Storage
GEN-2024-SR11,SPP,Done,2024-05-07,,OGE,ERIS/NRIS,Garfield,OK,Surplus,04 SOUTHEAST,200.00,Storage
GEN-2024-SR10,SPP,Active,2024-04-22,,NPPD,ERIS/NRIS,Lancaster,NE,Surplus,02 NEBRASKA,80.00,Storage
GEN-2024-GR6,SPP,Done,2024-07-25,,OG&E,ERIS,Newkirk,OK,Replacement,04 SOUTHEAST,300.00,Wind
GEN-2024-GR5,SPP,Done,2024-08-02,,GRDA,ERIS,Chouteau,OK,Replacement,04 SOUTHEAST,594.00,Hybrid
GEN-2024-GR4,SPP,Done,2024-07-25,,EDE,ERIS,Riverton,KS,Replacement,03 CENTRAL,27.14,Thermal
GEN-2024-GR3,SPP,Done,2024-06-07,,Xcel/SPS,ERIS,Lea County,NM,Replacement,05 SOUTHWEST,196.00,Solar
GEN-2024-GR1,SPP,Done,2024-01-08,,OG&E,ERIS,Harrah,OK,Replacement,04 SOUTHEAST,492.00,Thermal
GEN-2024-379,SPP,Active,2025-03-01,2030-05-01,AEP,ERIS/NRIS,Bossier Parish,LA,DISIS-2024-001,04 SOUTHEAST,1350.00,Thermal
GEN-2024-377,SPP,Active,2025-03-01,2030-01-05,AEP,ERIS/NRIS,Harrison,TX,DISIS-2024-001,04 SOUTHEAST,1350.00,Thermal
GEN-2024-376,SPP,Active,2025-03-01,2028-08-15,ETEC,ERIS/NRIS,Sabine,TX,DISIS-2024-001,04 SOUTHEAST,142.18,Solar
GEN-2024-374,SPP,Active,2025-03-01,2030-03-31,BEPC,ERIS/NRIS,Scotts Bluff,NE,DISIS-2024-001,02 NEBRASKA,225.00,Solar
GEN-2024-373,SPP,Active,2025-03-01,2029-06-30,WFEC,ERIS/NRIS,Choctaw,OK,DISIS-2024-001,04 SOUTHEAST,100.00,Hybrid
GEN-2024-372,SPP,Active,2025-03-01,2027-12-01,OPPD,ERIS/NRIS,Douglas,NE,DISIS-2024-001,02 NEBRASKA,250.00,Storage
GEN-2024-370,SPP,Active,2025-03-01,2028-12-01,WERE,ERIS/NRIS,Clay,MO,DISIS-2024-001,03 CENTRAL,250.00,Storage
GEN-2024-362,SPP,Active,2025-03-01,2029-02-28,AEP,ERIS/NRIS,Grady,OK,DISIS-2024-001,04 SOUTHEAST,120.00,Hybrid
GEN-2024-361,SPP,Active,2025-03-01,2029-02-28,OGE,ERIS/NRIS,Lincoln,OK,DISIS-2024-001,04 SOUTHEAST,80.00,Hybrid
GEN-2024-360,SPP,Active,2025-03-01,2029-02-28,OGE,ERIS/NRIS,Konawa,OK,DISIS-2024-001,04 SOUTHEAST,160.00,Hybrid
GEN-2024-352,SPP,Active,2025-03-01,2030-07-30,WERE,ERIS/NRIS,Jackson,MO,DISIS-2024-001,03 CENTRAL,199.00,Storage
GEN-2024-344,SPP,Active,2025-03-01,2030-08-01,OGE/AEP,ERIS,Lincoln,OK,DISIS-2024-001,04 SOUTHEAST,200.00,Wind
GEN-2024-343,SPP,Active,2025-03-01,2029-12-01,AEP,ERIS/NRIS,Harrison,TX,DISIS-2024-001,04 SOUTHEAST,235.00,Thermal
GEN-2024-341,SPP,Active,2025-03-01,2030-11-11,AEP,ERIS/NRIS,Pittsburgh,OK,DISIS-2024-001,04 SOUTHEAST,1045.00,Thermal
GEN-2024-340,SPP,Active,2025-03-01,2030-12-01,AEP,ERIS/NRIS,Creek,OK,DISIS-2024-001,04 SOUTHEAST,1400.00,Thermal
GEN-2024-339,SPP,Active,2025-03-01,2029-03-01,WERE,ERIS/NRIS,Lavenworth ,KS,DISIS-2024-001,03 CENTRAL,300.00,Storage
GEN-2024-338,SPP,Active,2025-03-01,2030-03-31,AEP,ERIS/NRIS,Johnston ,OK,DISIS-2024-001,04 SOUTHEAST,350.00,Solar
GEN-2024-336,SPP,Active,2025-03-01,2028-10-30,SPS,ERIS/NRIS,Yoakum,TX,DISIS-2024-001,05 SOUTHWEST,300.00,Hybrid
GEN-2024-334,SPP,Active,2025-03-01,2029-03-01,OGE,ERIS/NRIS,Kay,OK,DISIS-2024-001,04 SOUTHEAST,103.00,Thermal
GEN-2024-333,SPP,Active,2025-03-01,2027-02-01,OGE,ERIS/NRIS,Oklahoma ,OK,DISIS-2024-001,04 SOUTHEAST,100.00,Storage
GEN-2024-330,SPP,Active,2025-03-01,2027-07-01,WERE,ERIS/NRIS,Butler,KS,DISIS-2024-001,03 CENTRAL,225.00,Storage
GEN-2024-329,SPP,Active,2025-03-01,2027-07-01,MWEC,ERIS/NRIS,Williams,ND,DISIS-2024-001,01 NORTH,200.00,Storage
GEN-2024-327,SPP,Active,2025-03-01,2027-07-01,CPEC,ERIS/NRIS,Ward,ND,DISIS-2024-001,01 NORTH,200.00,Storage
GEN-2024-323,SPP,Active,2025-03-01,2029-01-02,ITCGP,ERIS,Choctaw,OK,DISIS-2024-001,04 SOUTHEAST,356.80,Thermal
GEN-2024-321,SPP,Active,2025-03-01,2029-03-22,OGE,ERIS/NRIS,Seminole,OK,DISIS-2024-001,04 SOUTHEAST,493.00,Thermal
GEN-2024-320,SPP,Active,2025-03-01,2028-05-31,WERE,ERIS/NRIS,Wyandotte,KS,DISIS-2024-001,03 CENTRAL,199.00,Storage
GEN-2024-319,SPP,Active,2025-03-01,2028-05-31,KACY,ERIS/NRIS,Wyandotte,KS,DISIS-2024-001,03 CENTRAL,199.00,Storage
GEN-2024-318,SPP,Active,2025-03-01,2028-05-31,AEP,ERIS/NRIS,Tulsa,OK,DISIS-2024-001,04 SOUTHEAST,199.00,Storage
GEN-2024-317,SPP,Active,2025-03-01,2030-05-01,SPS,ERIS/NRIS,Cottle,TX,DISIS-2024-001,05 SOUTHWEST,250.00,Solar
GEN-2024-311,SPP,Active,2025-03-01,2030-09-01,SPS,ERIS/NRIS,Chaves,NM,DISIS-2024-001,05 SOUTHWEST,225.00,Solar
GEN-2024-310,SPP,Active,2025-03-01,2030-09-01,SPS,ERIS,Chaves,NM,DISIS-2024-001,05 SOUTHWEST,75.00,Storage
GEN-2024-304,SPP,Active,2025-03-01,2029-11-15,SPS,ERIS/NRIS,Roosevelt,NM,DISIS-2024-001,05 SOUTHWEST,500.00,Hybrid
GEN-2024-303,SPP,Active,2025-03-01,2029-11-15,SPS,ERIS/NRIS,Roosevelt,NM,DISIS-2024-001,05 SOUTHWEST,500.00,Hybrid
GEN-2024-299,SPP,Active,2025-03-01,2031-08-01,OGE,ERIS,Oklahoma ,OK,DISIS-2024-001,04 SOUTHEAST,744.00,Thermal
GEN-2024-297,SPP,Active,2025-03-01,2030-03-31,OGE,ERIS/NRIS,McIntosh,OK,DISIS-2024-001,04 SOUTHEAST,167.00,Solar
GEN-2024-296,SPP,Active,2025-03-01,2030-03-31,OGE,ERIS/NRIS,McIntosh,OK,DISIS-2024-001,04 SOUTHEAST,167.00,Solar
GEN-2024-295,SPP,Active,2025-03-01,2029-12-10,SPS,ERIS/NRIS,Eddy,NM,DISIS-2024-001,05 SOUTHWEST,115.00,Storage
GEN-2024-294,SPP,Active,2025-03-01,2030-06-30,GRDA,ERIS/NRIS,Mayes,OK,DISIS-2024-001,04 SOUTHEAST,500.00,Hybrid
GEN-2024-293,SPP,Active,2025-03-01,2032-08-01,OGE,ERIS,Oklahoma ,OK,DISIS-2024-001,04 SOUTHEAST,248.00,Thermal
GEN-2024-287,SPP,Active,2025-03-01,2030-09-15,NEETSW,ERIS/NRIS,Crawford,KS,DISIS-2024-001,03 CENTRAL,199.80,Solar
GEN-2024-286,SPP,Active,2025-03-01,2030-08-01,OGE,ERIS,La Flore,OK,DISIS-2024-001,04 SOUTHEAST,136.00,Thermal
GEN-2024-281,SPP,Active,2025-03-01,2029-09-03,SPS,ERIS/NRIS,Lea,NM,DISIS-2024-001,05 SOUTHWEST,250.00,Hybrid
GEN-2024-280,SPP,Active,2025-03-01,2029-09-03,SPS,ERIS/NRIS,Andrews,TX,DISIS-2024-001,05 SOUTHWEST,350.00,Hybrid
GEN-2024-277,SPP,Active,2025-03-01,2030-08-31,WERE,ERIS/NRIS,Shawnee,KS,DISIS-2024-001,03 CENTRAL,135.00,Storage
GEN-2024-276,SPP,Active,2025-03-01,2030-08-31,WERE,ERIS/NRIS,Shawnee,KS,DISIS-2024-001,03 CENTRAL,135.00,Storage
GEN-2024-268,SPP,Active,2025-03-01,2030-10-01,OGE,ERIS/NRIS,Muskogee,OK,DISIS-2024-001,04 SOUTHEAST,390.00,Solar
GEN-2024-265,SPP,Active,2025-03-01,2029-09-01,SPS,ERIS/NRIS,Lea,NM,DISIS-2024-001,05 SOUTHWEST,155.00,Hybrid
GEN-2024-261,SPP,Active,2025-03-01,2029-09-01,LCEC,ERIS/NRIS,Lea,NM,DISIS-2024-001,05 SOUTHWEST,140.00,Hybrid
GEN-2024-260,SPP,Active,2025-03-01,2029-09-30,WERE,ERIS/NRIS,Buchan,MO,DISIS-2024-001,03 CENTRAL,199.80,Storage
GEN-2024-259,SPP,Active,2025-03-01,2029-08-01,EMDE,ERIS/NRIS,Barton,MO,DISIS-2024-001,03 CENTRAL,199.80,Hybrid
GEN-2024-258,SPP,Active,2025-03-01,2030-08-15,NEETSW,ERIS/NRIS,Allen,KS,DISIS-2024-001,03 CENTRAL,300.00,Wind
GEN-2024-255,SPP,Active,2025-03-01,2027-11-30,OGE,ERIS/NRIS,Oklahoma ,OK,DISIS-2024-001,04 SOUTHEAST,300.00,Hybrid
GEN-2024-254,SPP,Active,2025-03-01,2027-11-30,OGE,ERIS/NRIS,Canadian,OK,DISIS-2024-001,04 SOUTHEAST,300.00,Hybrid
GEN-2024-253,SPP,Active,2025-03-01,2027-11-30,WERE,ERIS/NRIS,Leavenworth,KS,DISIS-2024-001,03 CENTRAL,300.00,Hybrid
GEN-2024-252,SPP,Active,2025-03-01,2027-11-30,OGE,ERIS/NRIS,Canadian,OK,DISIS-2024-001,04 SOUTHEAST,300.00,Hybrid
GEN-2024-249,SPP,Active,2025-03-01,2031-01-01,WERE,ERIS/NRIS,Pottawatomie,KS,DISIS-2024-001,03 CENTRAL,721.20,Thermal
GEN-2024-241,SPP,Active,2025-03-01,2028-09-15,AEP,ERIS/NRIS,Bowie,TX,DISIS-2024-001,04 SOUTHEAST,100.00,Solar
GEN-2024-240,SPP,Active,2025-03-01,2029-09-15,AEP,ERIS/NRIS,Nowata,OK,DISIS-2024-001,04 SOUTHEAST,150.00,Wind
GEN-2024-239,SPP,Active,2025-03-01,2029-09-15,OGE,ERIS/NRIS,Canadian,OK,DISIS-2024-001,04 SOUTHEAST,200.00,Storage
GEN-2024-236,SPP,Active,2025-03-01,2029-09-03,OGE,ERIS/NRIS,Okfuskee,OK,DISIS-2024-001,04 SOUTHEAST,241.40,Wind
GEN-2024-235,SPP,Active,2025-03-01,2029-09-03,AEP,ERIS/NRIS,Payne,OK,DISIS-2024-001,04 SOUTHEAST,250.00,Wind
GEN-2024-234,SPP,Active,2025-03-01,2029-09-15,OPPD,ERIS/NRIS,Burt,NE,DISIS-2024-001,02 NEBRASKA,200.00,Solar
GEN-2024-232,SPP,Active,2025-03-01,2029-09-15,AEP,ERIS/NRIS,Houston,TX,DISIS-2024-001,04 SOUTHEAST,250.00,Solar
GEN-2024-221,SPP,Active,2025-03-01,2030-02-01,SPS,ERIS/NRIS,Roosevelt,NM,DISIS-2024-001,05 SOUTHWEST,400.00,Wind
GEN-2024-220,SPP,Active,2025-03-01,2030-02-01,AEP,ERIS/NRIS,Caddo Parish,LA,DISIS-2024-001,04 SOUTHEAST,55.00,Hybrid
GEN-2024-219,SPP,Active,2025-03-01,2030-02-01,OGE,ERIS/NRIS,Murray ,OK,DISIS-2024-001,04 SOUTHEAST,160.00,Hybrid
GEN-2024-215,SPP,Active,2025-03-01,2029-03-02,ITCGP,ERIS/NRIS,Aurora,KS,DISIS-2024-001,03 CENTRAL,300.00,Hybrid
GEN-2024-213,SPP,Active,2025-03-01,2034-07-01,OPPD,ERIS,Cass,NE,DISIS-2024-001,02 NEBRASKA,360.00,Thermal
GEN-2024-212,SPP,Active,2025-03-01,2034-07-01,OPPD,ERIS,Cass,NE,DISIS-2024-001,02 NEBRASKA,303.00,Thermal
GEN-2024-211,SPP,Active,2025-03-01,2034-07-01,OPPD,ERIS,Cass,NE,DISIS-2024-001,02 NEBRASKA,303.00,Thermal
GEN-2024-207,SPP,Active,2025-03-01,2029-05-01,City of Independence MO,ERIS/NRIS,Missouri ,MO,DISIS-2024-001,03 CENTRAL,778.60,Thermal
GEN-2024-206,SPP,Active,2025-03-01,2026-05-01,City of Independence MO,ERIS/NRIS,Missouri ,MO,DISIS-2024-001,03 CENTRAL,226.30,Thermal
GEN-2024-205,SPP,Active,2025-03-01,2029-03-02,SUNC,ERIS/NRIS,Stafford,KS,DISIS-2024-001,03 CENTRAL,155.00,Hybrid
GEN-2024-204,SPP,Active,2025-03-01,2029-12-10,OGE,ERIS/NRIS,Bryan,OK,DISIS-2024-001,04 SOUTHEAST,100.00,Storage
GEN-2024-181,SPP,Active,2025-03-01,2028-10-15,SPRM,ERIS/NRIS,Greene,MO,DISIS-2024-001,03 CENTRAL,199.00,Storage
GEN-2024-178,SPP,Active,2025-03-01,2028-10-15,AEP,ERIS/NRIS,Harrison,TX,DISIS-2024-001,04 SOUTHEAST,199.00,Storage
GEN-2024-177,SPP,Active,2025-03-01,2028-10-15,AEP,ERIS/NRIS,Bossier Parish,LA,DISIS-2024-001,04 SOUTHEAST,199.00,Storage
GEN-2024-173,SPP,Active,2025-03-01,2028-02-17,NPPD,ERIS/NRIS,Lancaster,NE,DISIS-2024-001,02 NEBRASKA,200.00,Storage
GEN-2024-171,SPP,Active,2025-03-01,2028-02-17,GRDA,ERIS/NRIS,Tulsa,OK,DISIS-2024-001,04 SOUTHEAST,250.00,Storage
GEN-2024-170,SPP,Active,2025-03-01,2028-02-17,WERE,ERIS/NRIS,Cass,MO,DISIS-2024-001,03 CENTRAL,280.00,Storage
GEN-2024-168,SPP,Active,2025-03-01,2033-10-03,NPPD,ERIS/NRIS,Fillmore,NE,DISIS-2024-001,02 NEBRASKA,200.00,Solar
GEN-2024-166,SPP,Active,2025-03-01,2029-10-16,WERE,ERIS/NRIS,Sedgwick,KS,DISIS-2024-001,03 CENTRAL,200.00,Hybrid
GEN-2024-162,SPP,Active,2025-03-01,2029-10-16,NPPD,ERIS/NRIS,Dakota,NE,DISIS-2024-001,02 NEBRASKA,110.00,Hybrid
GEN-2024-159,SPP,Active,2025-03-01,2029-06-30,SPS,ERIS/NRIS,Roosevelt,NM,DISIS-2024-001,05 SOUTHWEST,300.00,Solar
GEN-2024-154,SPP,Active,2025-03-01,2029-06-30,AEP,ERIS/NRIS,Beckham,OK,DISIS-2024-001,04 SOUTHEAST,200.00,Solar
GEN-2024-145,SPP,Active,2025-03-01,2032-10-01,SPS,ERIS/NRIS,Dallam,TX,DISIS-2024-001,05 SOUTHWEST,250.00,Wind
GEN-2024-143,SPP,Active,2025-03-01,2032-10-01,SPS,ERIS/NRIS,Dallam,TX,DISIS-2024-001,05 SOUTHWEST,250.00,Wind
GEN-2024-141,SPP,Active,2025-03-01,2031-10-01,BEPC,ERIS,Mercer,ND,DISIS-2024-001,01 NORTH,212.00,Wind
GEN-2024-140,SPP,Active,2025-03-01,2033-10-03,NPPD,ERIS/NRIS,Mercer,NE,DISIS-2024-001,02 NEBRASKA,250.00,Solar
GEN-2024-139,SPP,Active,2025-03-01,2033-10-03,NEETSW,ERIS/NRIS,Coffey,KS,DISIS-2024-001,03 CENTRAL,250.00,Solar
GEN-2024-129,SPP,Active,2025-03-01,2030-04-28,WERE,ERIS/NRIS,Labette,KS,DISIS-2024-001,03 CENTRAL,910.00,Thermal
GEN-2024-128,SPP,Active,2025-03-01,2030-04-28,OGE,ERIS/NRIS,Anadarko,OK,DISIS-2024-001,04 SOUTHEAST,690.00,Thermal
GEN-2024-125,SPP,Active,2025-03-01,2028-05-01,WERE,ERIS/NRIS,Elk ,KS,DISIS-2024-001,03 CENTRAL,400.00,Solar
GEN-2024-122,SPP,Active,2025-03-01,2029-08-01,AEP,ERIS/NRIS,Marion,TX,DISIS-2024-001,04 SOUTHEAST,160.00,Hybrid
GEN-2024-120,SPP,Active,2025-03-01,2028-06-30,OGE,ERIS/NRIS,Oklahoma ,OK,DISIS-2024-001,04 SOUTHEAST,199.00,Storage
GEN-2024-118,SPP,Active,2025-03-01,2028-06-30,AEP,ERIS/NRIS,Wagoner,OK,DISIS-2024-001,04 SOUTHEAST,199.00,Storage
GEN-2024-117,SPP,Active,2025-03-01,2028-06-30,AEP,ERIS/NRIS,Washington,OK,DISIS-2024-001,04 SOUTHEAST,150.00,Hybrid
GEN-2024-113,SPP,Active,2025-03-01,2028-06-30,OGE,ERIS/NRIS,Sequoyah,OK,DISIS-2024-001,04 SOUTHEAST,170.00,Hybrid
GEN-2024-109,SPP,Active,2025-03-01,2030-12-31,SPS,ERIS/NRIS,Bailey,TX,DISIS-2024-001,05 SOUTHWEST,400.50,Wind
GEN-2024-099,SPP,Active,2025-03-01,2030-12-31,SPS,ERIS/NRIS,Castro,TX,DISIS-2024-001,05 SOUTHWEST,300.00,Solar
GEN-2024-090,SPP,Active,2024-10-30,2028-02-15,WERE,ERIS/NRIS,Clay ,MO,DISIS-2024-001,03 CENTRAL,100.00,Storage
GEN-2024-088,SPP,Active,2024-10-30,2026-12-18,SPRM,ERIS/NRIS,Greene,MO,DISIS-2024-001,03 CENTRAL,145.00,Thermal
GEN-2024-082,SPP,Active,2024-10-30,2029-05-01,BEPC,ERIS,Williams,ND,DISIS-2024-001,01 NORTH,745.00,Thermal
GEN-2024-081,SPP,Active,2024-10-30,2028-04-01,BEPC,ERIS,Williams,ND,DISIS-2024-001,01 NORTH,745.00,Thermal
GEN-2024-076,SPP,Active,2024-10-30,2029-10-01,WERE,ERIS/NRIS,Burbon,KS,DISIS-2024-001,03 CENTRAL,130.00,Solar
GEN-2024-074,SPP,Active,2024-10-30,2028-11-01,WERE,ERIS/NRIS,Jackson,MO,DISIS-2024-001,03 CENTRAL,200.00,Storage
GEN-2024-071,SPP,Active,2024-10-30,2027-05-15,AEP,ERIS/NRIS,Cass,TX,DISIS-2024-001,04 SOUTHEAST,75.00,Hybrid
GEN-2024-068,SPP,Active,2024-10-30,2028-10-02,AEP,ERIS/NRIS,Morris,TX,DISIS-2024-001,04 SOUTHEAST,300.00,Solar
GEN-2024-067,SPP,Active,2024-10-30,2029-05-01,ITCGP,ERIS/NRIS,Cloud,KS,DISIS-2024-001,03 CENTRAL,380.00,Solar
GEN-2024-065,SPP,Active,2024-10-30,2029-08-31,NPPD,ERIS/NRIS,Dodge,NE,DISIS-2024-001,02 NEBRASKA,150.00,Storage
GEN-2024-056,SPP,Active,2024-10-30,2029-08-31,OGE,ERIS/NRIS,Noble,OK,DISIS-2024-001,04 SOUTHEAST,120.00,Solar
GEN-2024-055,SPP,Active,2024-10-30,2029-08-31,WERE,ERIS/NRIS,Vernon,MO,DISIS-2024-001,03 CENTRAL,175.00,Solar
GEN-2024-054,SPP,Active,2024-10-30,2029-08-31,WERE,ERIS/NRIS,Cooper,MO,DISIS-2024-001,03 CENTRAL,120.00,Solar
GEN-2024-051,SPP,Active,2024-10-30,2028-03-17,LES,ERIS/NRIS,Lancaster,NE,DISIS-2024-001,02 NEBRASKA,170.00,Storage
GEN-2024-043,SPP,Active,2024-10-30,2029-09-15,SPS,ERIS/NRIS,Roosevelt,NM,DISIS-2024-001,05 SOUTHWEST,250.00,Wind
GEN-2024-042,SPP,Active,2024-10-30,2027-10-15,SPS,ERIS/NRIS,Floyd,TX,DISIS-2024-001,05 SOUTHWEST,250.00,Wind
GEN-2024-041,SPP,Active,2024-10-30,2029-10-01,SPS,ERIS/NRIS,Floyd,TX,DISIS-2024-001,05 SOUTHWEST,250.00,Wind
GEN-2024-035,SPP,Active,2024-10-30,2027-09-01,BEPC,ERIS/NRIS,Brown,SD,DISIS-2024-001,01 NORTH,270.00,Hybrid
GEN-2024-025,SPP,Active,2024-10-30,2030-06-01,AEP,ERIS/NRIS,Bowie,TX,DISIS-2024-001,04 SOUTHEAST,150.00,Solar
GEN-2024-023,SPP,Active,2024-10-30,2030-09-30,NPPD,ERIS/NRIS,Gage,NE,DISIS-2024-001,02 NEBRASKA,270.00,Thermal
GEN-2024-022,SPP,Active,2024-10-30,2030-09-30,NPPD,ERIS/NRIS,Gage,NE,DISIS-2024-001,02 NEBRASKA,390.00,Thermal
GEN-2024-021,SPP,Active,2024-10-30,2030-09-30,NPPD,ERIS/NRIS,Lancaster,NE,DISIS-2024-001,02 NEBRASKA,540.00,Thermal
GEN-2024-020,SPP,Active,2024-10-30,2030-09-30,NPPD,ERIS/NRIS,Lancaster,NE,DISIS-2024-001,02 NEBRASKA,390.00,Thermal
GEN-2024-019,SPP,Active,2024-10-30,2030-09-30,NPPD,ERIS/NRIS,Gage,NE,DISIS-2024-001,02 NEBRASKA,62.00,Thermal
GEN-2024-018,SPP,Active,2024-10-30,2030-09-30,NPPD,ERIS/NRIS,Gage,NE,DISIS-2024-001,02 NEBRASKA,31.00,Thermal
GEN-2024-017,SPP,Active,2024-10-30,2030-09-30,NPPD,ERIS/NRIS,Lancaster,NE,DISIS-2024-001,02 NEBRASKA,62.00,Thermal
GEN-2024-015,SPP,Active,2024-10-04,2028-09-01,SPS,ERIS/NRIS,Yoakum,TX,DISIS-2024-001,05 SOUTHWEST,280.00,Hybrid
GEN-2024-013,SPP,Active,2024-08-02,2029-04-01,OGE,ERIS/NRIS,McClain,OK,DISIS-2024-001,04 SOUTHEAST,496.00,Thermal
GEN-2024-003,SPP,Active,2024-04-25,2025-09-12,AECC,ERIS,Franklin,AR,DISIS-2024-001,04 SOUTHEAST,102.20,Thermal
GEN-2023-SR9,SPP,Done,2023-02-13,,Xcel,ERIS,Lorenzo,TX,Surplus,05 SOUTHWEST,50.00,Storage
GEN-2023-SR8,SPP,Done,2023-02-13,,Xcel,ERIS,Gruver,TX,Surplus,05 SOUTHWEST,200.00,Storage
GEN-2023-SR7,SPP,Active,2022-12-16,,NPPD,ERIS,Wayne Co,NE,Surplus,02 NEBRASKA,135.00,Storage
GEN-2023-SR5,SPP,Done,2022-12-15,,OGE,ERIS,Seiling,OK,Surplus,04 SOUTHEAST,85.00,Storage
GEN-2023-SR4,SPP,Done,2022-12-15,,BEPC,ERIS,Burke,ND,Surplus,01 NORTH,170.00,Storage
GEN-2023-SR28,SPP,Done,2023-10-06,,SUNC,ERIS,Ford,KS,Surplus,03 CENTRAL,150.00,Solar
GEN-2023-SR27,SPP,Done,2023-07-12,2021-12-01,GRDA,ERIS,Mayes County,OK,Surplus,04 SOUTHEAST,101.50,Storage
GEN-2023-SR26,SPP,Active,2023-07-12,2021-12-01,AEP,ERIS,Mayes County,OK,Surplus,04 SOUTHEAST,72.50,Storage
GEN-2023-SR25,SPP,Done,2023-07-12,2021-12-01,GRDA,ERIS,Mayes County,OK,Surplus,04 SOUTHEAST,72.50,Storage
GEN-2023-SR22,SPP,Active,2023-06-20,,AEP,ERIS,Mayes County,OK,Surplus,04 SOUTHEAST,124.70,Storage
GEN-2023-SR20,SPP,Active,2023-06-21,,AEP,ERIS,Custer/Wasita,OK,Surplus,04 SOUTHEAST,120.00,Storage
GEN-2023-SR19,SPP,Done,2023-06-21,,NPPD,ERIS,Jefferson County,NE,Surplus,02 NEBRASKA,50.00,Storage
GEN-2023-SR18,SPP,Done,2023-06-20,,OGE,ERIS,Grady County,OK,Surplus,04 SOUTHEAST,80.00,Storage
GEN-2023-SR16,SPP,Done,2023-04-26,,OG&E,ERIS,Woodward and Harper Counties,OK,Surplus,04 SOUTHEAST,70.00,Storage
GEN-2023-SR13,SPP,Done,2023-01-26,,OG&E,ERIS,Garfield County,OK,Surplus,04 SOUTHEAST,70.00,Storage
GEN-2023-SR12,SPP,Done,2023-02-13,,Xcel,ERIS,Whiteface,TX,Surplus,05 SOUTHWEST,120.00,Storage
GEN-2023-SR1,SPP,Done,2022-12-05,2005-10-01,NPPD,ERIS/NRIS,Brown,NE,Surplus,02 NEBRASKA,21.90,Thermal
GEN-2023-GR5,SPP,Done,2023-07-18,,Xcel/SPS,ERIS,Lamb County,TX,Replacement,05 SOUTHWEST,150.00,Solar
GEN-2023-GR4,SPP,Done,2023-07-05,,Xcel/SPS,ERIS,Lea County,NM,Replacement,05 SOUTHWEST,72.00,Solar
GEN-2023-GR3,SPP,Done,2023-06-30,2004-12-01,Xcel/SPS,ERIS/NRIS,Quay County,NM,Replacement,05 SOUTHWEST,80.00,Wind
GEN-2023-GR2,SPP,Done,2023-02-17,,OG&E,ERIS,Oklahoma City,OK,Replacement,04 SOUTHEAST,94.24,Thermal
GEN-2023-GR1,SPP,Done,2023-01-09,,WFEC,ERIS,Anadarko,OK,Replacement,04 SOUTHEAST,97.49,Thermal
GEN-2023-241,SPP,Active,2023-10-02,2027-08-28,AEP,ERIS,Franklin & Wood,TX,DISIS-2023-001,04 SOUTHEAST,93.00,Solar
GEN-2023-230,SPP,Active,2023-10-02,2028-02-04,AEP,ERIS/NRIS,Bossier,LA,DISIS-2023-001,04 SOUTHEAST,150.00,Hybrid
GEN-2023-229,SPP,Active,2023-10-02,2028-04-01,AEP,ERIS/NRIS,Caddo,OK,DISIS-2023-001,04 SOUTHEAST,230.00,Wind
GEN-2023-225,SPP,Done,2023-10-02,2027-03-01,NPPD,ERIS,Lancaster,NE,DISIS-2023-001,02 NEBRASKA,217.00,Thermal
GEN-2023-224,SPP,Done,2023-10-02,2027-03-01,NPPD,ERIS,Lancaster,NE,DISIS-2023-001,02 NEBRASKA,478.00,Thermal
GEN-2023-223,SPP,Done,2023-10-02,2027-03-01,NPPD,ERIS/NRIS,Gage ,NE,DISIS-2023-001,02 NEBRASKA,239.00,Thermal
GEN-2023-222,SPP,Done,2023-10-02,2027-03-01,NPPD,ERIS/NRIS,Gage,NE,DISIS-2023-001,02 NEBRASKA,478.00,Thermal
GEN-2023-221,SPP,Active,2023-10-02,2029-09-01,WERE,ERIS/NRIS,Osage,KS,DISIS-2023-001,03 CENTRAL,250.00,Solar
GEN-2023-220,SPP,Active,2023-10-02,2029-08-01,WERE,ERIS/NRIS,Osage,KS,DISIS-2023-001,03 CENTRAL,250.00,Solar
GEN-2023-210,SPP,Active,2023-10-02,2026-05-04,WFEC,ERIS/NRIS,Lincoln,OK,DISIS-2023-001,04 SOUTHEAST,191.00,Solar
GEN-2023-206,SPP,Active,2023-10-02,2029-01-01,OGE,ERIS/NRIS,Sebastian,AR,DISIS-2023-001,04 SOUTHEAST,50.00,Storage
GEN-2023-205,SPP,Active,2023-10-02,2026-07-01,AEP,ERIS/NRIS,Hughes,OK,DISIS-2023-001,04 SOUTHEAST,180.00,Solar
GEN-2023-204,SPP,Active,2023-10-02,2028-04-01,AEP,ERIS,Morris,TX,DISIS-2023-001,04 SOUTHEAST,914.60,Thermal
GEN-2023-199,SPP,Done,2023-10-02,2030-03-01,NPPD,ERIS/NRIS,Dakota ,NE,DISIS-2023-001,02 NEBRASKA,250.00,Hybrid
GEN-2023-193,SPP,Active,2023-10-02,2028-01-15,AEP,ERIS/NRIS,Harrison,TX,DISIS-2023-001,04 SOUTHEAST,175.00,Hybrid
GEN-2023-177,SPP,Done,2023-10-02,2028-02-01,OGE,ERIS/NRIS,Garvin,OK,DISIS-2023-001,04 SOUTHEAST,200.00,Solar
GEN-2023-173,SPP,Active,2023-10-02,2027-09-01,SUNC,ERIS/NRIS,Kearny,KS,DISIS-2023-001,03 CENTRAL,100.00,Wind
GEN-2023-172,SPP,Active,2023-10-02,2027-09-01,SUNC,ERIS/NRIS,Kearny,KS,DISIS-2023-001,03 CENTRAL,200.00,Wind
GEN-2023-171,SPP,Active,2023-10-02,2028-02-01,INDN,ERIS/NRIS,Jackson,MO,DISIS-2023-001,03 CENTRAL,150.00,Storage
GEN-2023-170,SPP,Active,2023-10-02,2028-02-01,WERE,ERIS,Chariton,MO,DISIS-2023-001,03 CENTRAL,150.00,Storage
GEN-2023-161,SPP,Done,2023-10-02,2026-09-03,OGE,ERIS/NRIS,Blaine,OK,DISIS-2023-001,04 SOUTHEAST,74.90,Storage
GEN-2023-153,SPP,Done,2023-10-02,2028-06-30,Tri-State,ERIS/NRIS,Perkins,NE,DISIS-2023-001,02 NEBRASKA,120.00,Hybrid
GEN-2023-135,SPP,Active,2023-10-02,2026-09-15,AEP,ERIS/NRIS,Bowie,TX,DISIS-2023-001,04 SOUTHEAST,52.00,Solar
GEN-2023-132,SPP,Active,2023-10-02,2026-06-30,SWPA,ERIS/NRIS,Craighead,AR,DISIS-2023-001,04 SOUTHEAST,150.00,Solar
GEN-2023-120,SPP,Active,2023-10-02,2030-08-30,SPS,ERIS,Swisher,TX,DISIS-2023-001,05 SOUTHWEST,130.00,Solar
GEN-2023-107,SPP,Active,2023-10-02,2030-05-01,SUNC,ERIS,Finney/Kearny,KS,DISIS-2023-001,03 CENTRAL,300.00,Wind
GEN-2023-104,SPP,Active,2023-10-02,2027-08-30,WFEC,ERIS/NRIS,Woods,OK,DISIS-2023-001,04 SOUTHEAST,100.00,Hybrid
GEN-2023-102,SPP,Done,2023-10-02,2027-08-30,OGE,ERIS/NRIS,Woods,OK,DISIS-2023-001,04 SOUTHEAST,475.00,Hybrid
GEN-2023-099,SPP,Active,2023-10-02,2030-08-30,WERE,ERIS,Jackson,KS,DISIS-2023-001,03 CENTRAL,300.00,Solar
GEN-2023-092,SPP,Active,2023-10-02,2027-08-30,WFEC,ERIS/NRIS,Choctaw,OK,DISIS-2023-001,04 SOUTHEAST,125.00,Hybrid
GEN-2023-088,SPP,Done,2023-10-02,2028-09-15,WFEC,ERIS/NRIS,Okfuskee/Okmulgee,OK,DISIS-2023-001,04 SOUTHEAST,117.00,Wind
GEN-2023-079,SPP,Done,2023-10-02,2028-07-01,OPPD,ERIS,Cass,NE,DISIS-2023-001,02 NEBRASKA,272.70,Thermal
GEN-2023-078,SPP,Done,2023-10-02,2027-07-01,OPPD,ERIS,Cass,NE,DISIS-2023-001,02 NEBRASKA,255.00,Thermal
GEN-2023-077,SPP,Done,2023-10-02,2027-07-01,OPPD,ERIS,Cass,NE,DISIS-2023-001,02 NEBRASKA,255.00,Thermal
GEN-2023-069,SPP,Active,2023-10-02,2027-08-30,WFEC,ERIS/NRIS,Atoka,OK,DISIS-2023-001,04 SOUTHEAST,100.00,Hybrid
GEN-2023-064,SPP,Active,2023-10-02,2028-08-01,SWPA,ERIS/NRIS,LeFlore,OK,DISIS-2023-001,04 SOUTHEAST,200.00,Hybrid
GEN-2023-063,SPP,Active,2023-10-02,2028-08-01,AEP,ERIS/NRIS,Rogers,OK,DISIS-2023-001,04 SOUTHEAST,135.00,Hybrid
GEN-2023-061,SPP,Active,2023-10-02,2027-09-30,SWPA,ERIS/NRIS,Jasper,MO,DISIS-2023-001,03 CENTRAL,100.00,Storage
GEN-2023-059,SPP,Active,2023-09-11,2026-09-30,AEP,ERIS/NRIS,Harrison and Panola,TX,DISIS-2023-001,04 SOUTHEAST,200.00,Hybrid
GEN-2023-057,SPP,Done,2023-10-02,2027-12-28,GRDA,ERIS/NRIS,Pawnee,OK,DISIS-2023-001,04 SOUTHEAST,150.00,Storage
GEN-2023-055,SPP,Done,2023-10-02,2027-12-28,GRDA,ERIS/NRIS,Mayes County,OK,DISIS-2023-001,04 SOUTHEAST,100.00,Storage
GEN-2023-038,SPP,Active,2023-10-02,2026-05-24,OGE,ERIS/NRIS,Coal,OK,DISIS-2023-001,04 SOUTHEAST,200.00,Solar
GEN-2023-037,SPP,Active,2023-10-02,2028-04-15,KACY,ERIS/NRIS,Wyandotte ,KS,DISIS-2023-001,03 CENTRAL,200.00,Storage
GEN-2023-035,SPP,Active,2023-10-02,2026-05-04,WFEC,ERIS/NRIS,Grady,OK,DISIS-2023-001,04 SOUTHEAST,200.00,Solar
GEN-2023-034,SPP,Active,2023-10-02,2026-05-24,WERE,ERIS/NRIS,Sedgwick,KS,DISIS-2023-001,03 CENTRAL,130.00,Solar
GEN-2023-033,SPP,Active,2023-10-02,2028-04-15,WERE,ERIS/NRIS,Clay,MO,DISIS-2023-001,03 CENTRAL,200.00,Storage
GEN-2023-015,SPP,Active,2023-10-02,2026-05-04,SPS,ERIS/NRIS,Finney County,KS,DISIS-2023-001,03 CENTRAL,330.00,Solar
GEN-2022-GR1,SPP,Done,2022-03-23,2026-03-30,AEP,ERIS,Hallsville,TX,Replacement,04 SOUTHEAST,513.00,Thermal
GEN-2022-238,SPP,Done,2023-02-28,2028-03-01,OGE,ERIS/NRIS,Pottawatomie,OK,DISIS-2022-001,04 SOUTHEAST,150.00,Storage
GEN-2022-235,SPP,Done,2023-02-28,2028-03-01,WFEC,ERIS/NRIS,Canadian,OK,DISIS-2022-001,04 SOUTHEAST,150.00,Storage
GEN-2022-214,SPP,Done,2023-03-02,2027-05-01,WERE,ERIS,Sumner,KS,DISIS-2022-001,03 CENTRAL,239.00,Solar
GEN-2022-176,SPP,Active,2023-02-17,2026-04-01,AEP,ERIS/NRIS,Nowata,OK,DISIS-2022-001,04 SOUTHEAST,215.00,Wind
GEN-2022-161,SPP,Done,2023-02-24,2026-12-31,WERE,ERIS,Butler,KS,DISIS-2022-001,03 CENTRAL,360.00,Wind
GEN-2022-156,SPP,Done,2023-02-24,2026-09-15,GRDA,ERIS,Creek,OK,DISIS-2022-001,04 SOUTHEAST,100.00,Storage
GEN-2022-155,SPP,Done,2023-02-24,2026-09-15,OGE,ERIS,Oklahoma,OK,DISIS-2022-001,04 SOUTHEAST,200.00,Storage
GEN-2022-154,SPP,Done,2023-02-24,2026-09-15,WFEC,ERIS,Cleveland,OK,DISIS-2022-001,04 SOUTHEAST,100.00,Storage
GEN-2022-147,SPP,Done,2023-02-21,2024-02-27,SPS,ERIS,Hale,TX,DISIS-2022-001,05 SOUTHWEST,203.00,Thermal
GEN-2022-145,SPP,Active,2023-02-21,2027-09-15,AEP,ERIS,Cluster,OK,DISIS-2022-001,04 SOUTHEAST,180.00,Storage
GEN-2022-144,SPP,Done,2023-02-21,2027-09-15,KCPL,ERIS,Jackson,MO,DISIS-2022-001,03 CENTRAL,200.00,Storage
GEN-2022-143,SPP,Done,2023-02-21,2027-09-15,OGE,ERIS,Marshall,OK,DISIS-2022-001,04 SOUTHEAST,200.00,Storage
GEN-2022-142,SPP,Active,2023-02-21,2027-09-15,KCPL,ERIS,Clay,MO,DISIS-2022-001,03 CENTRAL,200.00,Storage
GEN-2022-139,SPP,Active,2023-02-21,2027-09-15,AEP,ERIS,Harrison,TX,DISIS-2022-001,04 SOUTHEAST,300.00,Storage
GEN-2022-136,SPP,Active,2023-02-21,2027-09-15,WFEC,ERIS,Bryan,OK,DISIS-2022-001,04 SOUTHEAST,180.00,Storage
GEN-2022-130,SPP,Active,2023-02-21,2027-09-15,OGE,ERIS/NRIS,Sebastian,AR,DISIS-2022-001,04 SOUTHEAST,200.00,Storage
GEN-2022-111,SPP,Active,2023-02-10,2026-06-30,AEP,ERIS/NRIS,Marion,TX,DISIS-2022-001,04 SOUTHEAST,150.00,Hybrid
GEN-2022-104,SPP,Done,2023-01-26,2025-11-03,WFEC,ERIS/NRIS,Bryan,OK,DISIS-2022-001,04 SOUTHEAST,113.08,Solar
GEN-2022-102,SPP,Done,2023-01-06,2026-10-01,KCPL,ERIS/NRIS,Clay,MO,DISIS-2022-001,03 CENTRAL,100.00,Storage
GEN-2022-100,SPP,Done,2023-03-24,2025-08-01,KCPL,ERIS/NRIS,Cooper ,MO,DISIS-2022-001,03 CENTRAL,80.00,Hybrid
GEN-2022-098,SPP,Done,2022-12-06,2024-03-01,OGE,ERIS/NRIS,Johnston ,OK,DISIS-2022-001,04 SOUTHEAST,200.00,Solar
GEN-2022-083,SPP,Done,2022-10-21,2025-06-01,BEPC,ERIS,Williams,ND,DISIS-2022-001,01 NORTH,250.00,Thermal
GEN-2022-075,SPP,Active,2022-09-02,2027-09-03,ITCGP,ERIS/NRIS,Ellis,KS,DISIS-2022-001,03 CENTRAL,175.00,Solar
GEN-2022-073,SPP,Done,2022-09-02,2025-04-01,KCPL,ERIS/NRIS,Kay,MO,DISIS-2022-001,03 CENTRAL,300.00,Storage
GEN-2022-071,SPP,Active,2022-08-12,2025-11-03,AEP,ERIS/NRIS,Pittsburg,OK,DISIS-2022-001,04 SOUTHEAST,90.82,Solar
GEN-2022-065,SPP,Active,2022-07-25,2027-09-04,SUNC,ERIS/NRIS,Edwards,KS,DISIS-2022-001,03 CENTRAL,145.00,Solar
GEN-2022-055,SPP,Active,2022-06-23,2025-04-01,WFEC,ERIS,Grady,OK,DISIS-2022-001,04 SOUTHEAST,200.00,Solar
GEN-2022-054,SPP,Active,2022-06-23,2025-04-01,NEET,ERIS,Bourbon,KS,DISIS-2022-001,03 CENTRAL,200.00,Solar
GEN-2022-038,SPP,Active,2022-06-23,2025-04-01,AEP,ERIS,Harrison,TX,DISIS-2022-001,04 SOUTHEAST,180.00,Solar
GEN-2022-024,SPP,Done,2022-06-10,2024-06-01,WERE,ERIS/NRIS,Bourbon,KS,DISIS-2022-001,03 CENTRAL,200.00,Storage
GEN-2022-017,SPP,Done,2022-06-08,2024-06-06,OGE,ERIS/NRIS,Woodward,OK,DISIS-2022-001,04 SOUTHEAST,150.00,Storage
GEN-2022-016,SPP,Done,2022-06-08,2024-06-01,OGE,ERIS/NRIS,Woodward,OK,DISIS-2022-001,04 SOUTHEAST,288.00,Solar
GEN-2022-015,SPP,Done,2022-06-08,2024-06-01,SUNC,ERIS/NRIS,Decatur,KS,DISIS-2022-001,03 CENTRAL,270.00,Solar
GEN-2022-013,SPP,Done,2022-06-08,2024-06-01,WERE,ERIS/NRIS,Bourbon,KS,DISIS-2022-001,03 CENTRAL,300.00,Solar
GEN-2022-012,SPP,Done,2022-06-08,2024-06-01,OGE,ERIS/NRIS,Woodward ,OK,DISIS-2022-001,04 SOUTHEAST,100.00,Storage
GEN-2022-010,SPP,Done,2022-05-26,2023-07-01,BEPC,ERIS,Williams,ND,DISIS-2022-001,01 NORTH,250.00,Thermal
GEN-2022-009,SPP,Done,2022-05-26,2023-07-01,BEPC,ERIS,Williams,ND,DISIS-2022-001,01 NORTH,125.00,Thermal
GEN-2022-007,SPP,Done,2022-05-26,2025-05-01,WERE,ERIS/NRIS,Lyon,KS,DISIS-2022-001,03 CENTRAL,135.00,Solar
GEN-2022-006,SPP,Done,2022-05-25,2025-04-01,WERE,ERIS/NRIS,Labette,KS,DISIS-2022-001,03 CENTRAL,200.00,Solar
GEN-2022-004,SPP,Done,2022-05-26,2025-08-01,WERE,ERIS/NRIS,Sedgwick,KS,DISIS-2022-001,03 CENTRAL,33.00,Solar
GEN-2021-SR9,SPP,Done,2021-08-24,,KCPL,ERIS/NRIS,Kansas City,MO,Surplus,,10.00,Solar
GEN-2021-SR8,SPP,Done,2021-05-13,2023-11-01,WERE,ERIS,Harper,KS,Surplus,03 CENTRAL,42.00,Solar
GEN-2021-108,SPP,Done,2021-05-20,2025-05-27,OPPD,ERIS/NRIS,Cass,NE,DISIS-2021-001,02 NEBRASKA,182.25,Solar
GEN-2021-107,SPP,Done,2021-05-20,2026-10-01,WERE,ERIS,Pottawatomie,KS,DISIS-2021-001,03 CENTRAL,201.60,Solar
GEN-2021-103,SPP,Done,2021-05-25,2025-08-01,WERE,ERIS/NRIS,Johnson,KS,DISIS-2021-001,03 CENTRAL,150.00,Storage
GEN-2021-101,SPP,Done,2021-05-25,2025-08-01,WERE,ERIS/NRIS,Douglas,KS,DISIS-2021-001,03 CENTRAL,159.00,Solar
GEN-2021-096,SPP,Done,2021-04-29,2026-05-01,WERE,ERIS/NRIS,Coffey,KS,DISIS-2021-001,03 CENTRAL,500.00,Solar
GEN-2021-090,SPP,Active,2021-04-30,2022-06-15,SPS,ERIS/NRIS,Yoakum,TX,DISIS-2021-001,05 SOUTHWEST,400.00,Hybrid
GEN-2021-088,SPP,Done,2021-04-29,2025-12-21,OGE,ERIS/NRIS,Cleveland,OK,DISIS-2021-001,04 SOUTHEAST,100.00,Storage
GEN-2021-077,SPP,Done,2021-04-30,2025-07-01,GMO,ERIS/NRIS,Pettis,MO,DISIS-2021-001,03 CENTRAL,95.00,Hybrid
GEN-2021-070,SPP,Done,2021-04-26,2027-08-01,SUNC,ERIS,Hodgeman and Ford,KS,DISIS-2021-001,03 CENTRAL,504.00,Wind
GEN-2021-069,SPP,Done,2021-04-26,2027-08-01,SUNC,ERIS,Hodgeman and Ford,KS,DISIS-2021-001,03 CENTRAL,249.60,Wind
GEN-2021-068,SPP,Done,2021-04-26,2025-09-01,SUNC,ERIS,Hodgeman and Ford,KS,DISIS-2021-001,03 CENTRAL,249.60,Wind
GEN-2021-064,SPP,Done,2021-04-28,2025-10-25,AEP,ERIS/NRIS,Caddo,OK,DISIS-2021-001,04 SOUTHEAST,100.00,Hybrid
GEN-2021-063,SPP,Done,2021-04-28,2025-10-25,AEP,ERIS/NRIS,McCurtain,OK,DISIS-2021-001,04 SOUTHEAST,155.00,Hybrid
GEN-2021-056,SPP,Done,2021-04-29,,WERE,ERIS,Harper and Kingman,KS,DISIS-2021-001,03 CENTRAL,300.00,Wind
GEN-2021-053,SPP,Done,2021-04-29,,OGE,ERIS,Muskogee,OK,DISIS-2021-001,04 SOUTHEAST,300.00,Solar
GEN-2021-052,SPP,Done,2021-04-29,,OGE,ERIS,Muskogee,OK,DISIS-2021-001,04 SOUTHEAST,75.00,Storage
GEN-2021-049,SPP,Done,2021-04-30,2025-07-31,LES,ERIS/NRIS,Lancaster,NE,DISIS-2021-001,02 NEBRASKA,225.00,Solar
GEN-2021-048,SPP,Done,2021-04-30,2025-07-31,LES,ERIS/NRIS,Lancaster,NE,DISIS-2021-001,02 NEBRASKA,75.00,Storage
GEN-2021-047,SPP,Done,2021-04-29,2026-03-01,GRDA,ERIS,Mayes,OK,DISIS-2021-001,04 SOUTHEAST,250.00,Solar
GEN-2021-043,SPP,Done,2021-04-30,2026-02-01,LES,ERIS,Lancaster,NE,DISIS-2021-001,02 NEBRASKA,250.00,Storage
GEN-2021-042,SPP,Done,2021-04-30,2025-02-01,INDN,ERIS/NRIS,Jackson ,MO,DISIS-2021-001,03 CENTRAL,50.00,Storage
GEN-2021-041,SPP,Done,2021-04-30,2025-02-01,OGE,ERIS/NRIS,Canadian,OK,DISIS-2021-001,04 SOUTHEAST,100.00,Storage
GEN-2021-040,SPP,Done,2021-04-30,2025-02-01,OPPD,ERIS,Cass,NE,DISIS-2021-001,02 NEBRASKA,200.00,Storage
GEN-2021-039,SPP,Done,2021-04-30,2025-02-01,OPPD,ERIS,Douglas,NE,DISIS-2021-001,02 NEBRASKA,100.00,Storage
GEN-2021-038,SPP,Done,2021-04-30,2026-02-01,AEP,ERIS/NRIS,Titus,TX,DISIS-2021-001,04 SOUTHEAST,200.00,Storage
GEN-2021-036,SPP,Done,2021-05-14,2025-10-29,AEP,ERIS/NRIS,Little River,AR,DISIS-2021-001,04 SOUTHEAST,204.12,Solar
GEN-2021-035,SPP,Done,2021-05-14,2025-10-29,SUNC,ERIS,Grant,KS,DISIS-2021-001,03 CENTRAL,113.00,Solar
GEN-2021-034,SPP,Done,2021-05-13,2027-10-31,LES,ERIS,Lancaster,NE,DISIS-2021-001,02 NEBRASKA,113.00,Solar
GEN-2021-033,SPP,Done,2021-05-14,2027-07-01,OGE,ERIS,Franklin,AR,DISIS-2021-001,04 SOUTHEAST,204.12,Solar
GEN-2021-030,SPP,Done,2021-05-14,2026-09-28,KCPL,ERIS,Linn KS and Bates MO,KS,DISIS-2021-001,03 CENTRAL,510.30,Solar
GEN-2021-029,SPP,Done,2021-05-14,2026-07-01,KCPL,ERIS,Linn KS and Bates MO,KS,DISIS-2021-001,03 CENTRAL,253.80,Storage
GEN-2021-027,SPP,Done,2021-05-14,2026-07-01,NPPD,ERIS,Lancaster,NE,DISIS-2021-001,02 NEBRASKA,102.06,Solar
GEN-2021-025,SPP,Done,2021-05-14,2025-10-31,WFEC,ERIS,Woodward,OK,DISIS-2021-001,04 SOUTHEAST,203.04,Wind
GEN-2021-023,SPP,Done,2021-05-14,2026-09-30,WERE,ERIS,Grant,KS,DISIS-2021-001,04 SOUTHEAST,306.18,Solar
GEN-2021-021,SPP,Done,2021-04-20,2026-09-01,SPS,ERIS,Stevens,KS,DISIS-2021-001,03 CENTRAL,150.00,Wind
GEN-2021-019,SPP,Done,2021-04-30,2027-04-01,OGE,ERIS/NRIS,Noble,OK,DISIS-2021-001,04 SOUTHEAST,74.90,Storage
GEN-2021-018,SPP,Done,2021-04-30,2027-04-01,OGE,ERIS,Noble,OK,DISIS-2021-001,04 SOUTHEAST,231.00,Solar
GEN-2021-006,SPP,Done,2021-05-07,2025-10-01,WERE,ERIS/NRIS,Labette,KS,DISIS-2021-001,03 CENTRAL,300.00,Storage
GEN-2021-001,SPP,Done,2020-12-29,2024-09-25,OGE,ERIS/NRIS,Bryan,OK,DISIS-2021-001,04 SOUTHEAST,100.00,Storage
GEN-2020-SR2,SPP,Done,2020-08-04,2021-12-01,OGE,ERIS/NRIS,Johnston,OK,Surplus,04 SOUTHEAST,100.00,Storage
GEN-2020-094,SPP,Done,2020-04-30,2023-04-02,OPPD,ERIS/NRIS,Syracuse,NE,DISIS-2020-001,02 NEBRASKA,250.00,Solar
GEN-2020-092,SPP,Done,2020-04-30,2025-11-02,AEP,ERIS/NRIS,Mayes County,OK,DISIS-2020-001,04 SOUTHEAST,100.00,Solar
GEN-2020-090,SPP,Done,2020-04-27,2026-04-01,NEETSW,ERIS/NRIS,Bourbon,KS,DISIS-2020-001,03 CENTRAL,204.30,Storage
GEN-2020-088,SPP,Done,2020-04-30,2022-11-30,EDE,ERIS/NRIS,Jasper,MO,DISIS-2020-001,03 CENTRAL,150.00,Solar
GEN-2020-087,SPP,Done,2020-04-23,2023-05-01,AEP,ERIS/NRIS,Comanche,OK,DISIS-2020-001,04 SOUTHEAST,500.00,Solar
GEN-2020-084,SPP,Done,2020-04-30,2022-04-01,OPPD,ERIS/NRIS,Burt,NE,DISIS-2020-001,02 NEBRASKA,350.00,Solar
GEN-2020-083,SPP,Done,2020-04-30,2024-10-01,WAPA,ERIS/NRIS,Fairview,MT,DISIS-2020-001,01 NORTH,74.50,Hybrid
GEN-2020-081,SPP,Done,2020-04-30,2022-05-01,AEP,ERIS/NRIS,Rusk,TX,DISIS-2020-001,04 SOUTHEAST,200.00,Storage
GEN-2020-079,SPP,Done,2020-04-30,2025-07-01,EDE,ERIS/NRIS,Cherokee ,KS,DISIS-2020-001,03 CENTRAL,225.00,Hybrid
GEN-2020-078,SPP,Done,2020-04-30,2022-11-30,OPPD,ERIS/NRIS,Washington,NE,DISIS-2020-001,02 NEBRASKA,100.00,Solar
GEN-2020-072,SPP,Done,2020-04-30,2025-07-01,GMO,ERIS/NRIS,Windsor,MO,DISIS-2020-001,03 CENTRAL,150.00,Hybrid
GEN-2020-067,SPP,Done,2020-04-24,2024-11-01,SPS,ERIS,Terry & Hockley,TX,DISIS-2020-001,05 SOUTHWEST,352.50,Wind
GEN-2020-065,SPP,Done,2020-04-30,2025-12-01,SPS,ERIS,Gaines,NM,DISIS-2020-001,05 SOUTHWEST,1003.00,Thermal
GEN-2020-064,SPP,Done,2020-04-22,2020-10-01,EDE,ERIS/NRIS,Joplin,MO,DISIS-2020-001,03 CENTRAL,64.00,Thermal
GEN-2020-061,SPP,Done,2020-04-28,2021-05-01,GMO,ERIS/NRIS,Pleasant Hill,MO,DISIS-2020-001,03 CENTRAL,29.00,Thermal
GEN-2020-060,SPP,Done,2020-04-30,2026-05-01,SPS,ERIS,Lubbock,TX,DISIS-2020-001,05 SOUTHWEST,200.00,Storage
GEN-2020-058,SPP,Done,2020-04-30,2026-11-01,WERE,ERIS/NRIS,Garner,KS,DISIS-2020-001,03 CENTRAL,424.50,Solar
GEN-2020-057,SPP,Done,2020-04-30,2026-11-01,WERE,ERIS/NRIS,Garner,KS,DISIS-2020-001,03 CENTRAL,424.50,Storage
GEN-2020-056,SPP,Done,2020-04-30,2023-03-30,SUNC,ERIS/NRIS,Russell County,KS,DISIS-2020-001,03 CENTRAL,20.00,Solar
GEN-2020-054,SPP,Done,2020-04-27,2023-08-01,AEP,ERIS/NRIS,Bowie County,TX,DISIS-2020-001,04 SOUTHEAST,298.00,Solar
GEN-2020-045,SPP,Done,2020-04-29,2023-04-30,OPPD,ERIS,Douglas County,NE,DISIS-2020-001,02 NEBRASKA,56.52,Thermal
GEN-2020-044,SPP,Done,2020-04-29,2023-04-30,OPPD,ERIS,Douglas County,NE,DISIS-2020-001,02 NEBRASKA,56.52,Thermal
GEN-2020-043,SPP,Done,2020-04-29,2023-04-30,OPPD,ERIS,Douglas County,NE,DISIS-2020-001,02 NEBRASKA,56.52,Thermal
GEN-2020-038,SPP,Done,2020-04-29,2023-04-30,OPPD,ERIS,Plattsmouth,NE,DISIS-2020-001,02 NEBRASKA,272.70,Thermal
GEN-2020-031,SPP,Done,2020-04-29,2023-04-30,OPPD,ERIS,Sarpy County,NE,DISIS-2020-001,02 NEBRASKA,272.70,Thermal
GEN-2020-028,SPP,Done,2020-04-29,2023-04-30,OPPD,ERIS,Sarpy County,NE,DISIS-2020-001,02 NEBRASKA,255.00,Thermal
GEN-2020-025,SPP,Done,2020-04-29,2023-04-30,OPPD,ERIS,Sarpy County,NE,DISIS-2020-001,02 NEBRASKA,255.00,Thermal
GEN-2020-020,SPP,Done,2020-04-28,2025-05-15,AEP,ERIS/NRIS,McCurtain,OK,DISIS-2020-001,04 SOUTHEAST,201.60,Hybrid
GEN-2020-014,SPP,Done,2020-04-20,2021-06-17,BEPC,ERIS/NRIS,Alexander,ND,DISIS-2020-001,01 NORTH,45.00,Thermal
GEN-2020-013,SPP,Done,2020-04-10,2026-10-15,NPPD,ERIS/NRIS,Orleans,NE,DISIS-2020-001,02 NEBRASKA,215.00,Hybrid
GEN-2020-012,SPP,Done,2020-04-10,2026-10-15,AEP,ERIS/NRIS,Headrick,OK,DISIS-2020-001,04 SOUTHEAST,113.00,Hybrid
GEN-2020-011,SPP,Done,2020-04-08,2028-10-31,NPPD,ERIS/NRIS,Funk,NE,DISIS-2020-001,02 NEBRASKA,320.00,Hybrid
GEN-2020-010,SPP,Done,2020-04-08,2026-10-15,WFEC,ERIS/NRIS,Mutual,OK,DISIS-2020-001,04 SOUTHEAST,140.00,Hybrid
GEN-2020-008,SPP,Done,2020-04-22,2023-09-01,SPS,ERIS,Stevens County,KS,DISIS-2020-001,03 CENTRAL,250.00,Hybrid
GEN-2020-007,SPP,Done,2020-04-22,2023-07-01,KCPL,ERIS/NRIS,Linn & Bates,KS,DISIS-2020-001,03 CENTRAL,650.00,Hybrid
GEN-2020-003,SPP,Done,2020-04-01,2023-03-01,KPP,ERIS/NRIS,Winfield,KS,DISIS-2020-001,03 CENTRAL,58.00,Thermal
GEN-2020-002,SPP,Done,2020-04-06,2022-11-15,OPPD,ERIS,Yutan,NE,DISIS-2020-001,02 NEBRASKA,81.00,Solar
GEN-2019-068,SPP,Done,2019-05-24,2023-06-01,SUNC,ERIS/NRIS,Barton,KS,DISIS-2019-001,03 CENTRAL,50.00,Storage
GEN-2019-065,SPP,Done,2019-05-23,2024-06-01,AEP,ERIS,Smith,TX,DISIS-2019-001,04 SOUTHEAST,180.00,Storage
GEN-2019-063,SPP,Done,2019-05-24,2023-06-01,ITCGP,ERIS/NRIS,"Ford, Clark",KS,DISIS-2019-001,03 CENTRAL,50.00,Storage
GEN-2019-058,SPP,Done,2019-05-24,2023-06-01,ITCGP,ERIS/NRIS,"Ford, Clark",KS,DISIS-2019-001,03 CENTRAL,150.00,Solar
GEN-2019-055,SPP,Done,2019-05-24,2023-06-01,SUNC,ERIS/NRIS,"Edwards, Pawnee",KS,DISIS-2019-001,03 CENTRAL,150.00,Solar
GEN-2019-054,SPP,Done,2019-05-24,2023-06-01,SUNC,ERIS/NRIS,Barton,KS,DISIS-2019-001,03 CENTRAL,150.00,Solar
GEN-2019-053,SPP,Done,2019-05-24,2023-06-01,SUNC,ERIS/NRIS,Edwards/Pawnee,KS,DISIS-2019-001,03 CENTRAL,50.00,Storage
GEN-2019-045,SPP,Done,2019-05-24,2022-12-31,OGE,ERIS,Woods,OK,DISIS-2019-001,04 SOUTHEAST,155.00,Solar
GEN-2019-044,SPP,Done,2019-05-24,2023-12-31,SUNC,ERIS,Ford,KS,DISIS-2019-001,03 CENTRAL,100.00,Solar
GEN-2019-041,SPP,Done,2019-05-23,2020-12-01,NPPD,ERIS/NRIS,Lancaster,NE,DISIS-2019-001,02 NEBRASKA,78.00,Solar
GEN-2019-039,SPP,Done,2019-05-21,2022-05-16,NPPD,ERIS/NRIS,Butler,NE,DISIS-2019-001,02 NEBRASKA,174.50,Solar
GEN-2019-037,SPP,Done,2019-05-17,2023-12-01,BEPC,ERIS/NRIS,Mercer,ND,DISIS-2019-001,01 NORTH,150.00,Solar
GEN-2019-030,SPP,Done,2019-04-25,2021-12-01,ITCGP,ERIS/NRIS,Ford,KS,DISIS-2019-001,03 CENTRAL,252.00,Wind
GEN-2019-021,SPP,Done,2019-04-29,2022-12-01,SPS,ERIS/NRIS,Roosevelt,NM,DISIS-2019-001,05 SOUTHWEST,50.00,Solar
GEN-2019-019,SPP,Done,2019-04-24,2020-02-01,NIPCO,ERIS/NRIS,Sioux,IA,DISIS-2019-001,01 NORTH,15.15,Thermal
GEN-2019-018,SPP,Done,2019-04-24,2020-03-01,MIDW,ERIS/NRIS,Rice,KS,DISIS-2019-001,03 CENTRAL,15.56,Thermal
GEN-2019-016,SPP,Done,2019-04-30,2022-11-30,EDE,ERIS,Polk and Dade,MO,DISIS-2019-001,03 CENTRAL,200.00,Solar
GEN-2019-011,SPP,Done,2019-04-22,2023-05-01,SPS,ERIS/NRIS,Yoakum,TX,DISIS-2019-001,05 SOUTHWEST,207.00,Storage
GEN-2019-003,SPP,Done,2019-04-19,2022-12-01,SPS,ERIS/NRIS,Roosevelt,NM,DISIS-2019-001,05 SOUTHWEST,150.00,Solar
GEN-2019-002,SPP,Done,2018-11-26,2020-12-01,GRDA,ERIS,Mayes,OK,DISIS-2019-001,04 SOUTHEAST,100.00,Storage
GEN-2019-001,SPP,Done,2018-11-27,2018-12-31,WERE,ERIS,Pratt,KS,DISIS-2019-001,03 CENTRAL,25.00,Wind
GEN-2018-132,SPP,Done,2018-11-21,2020-12-31,NPPD,ERIS/NRIS,Pierce,NE,DISIS-2018-002,02 NEBRASKA,201.60,Solar
GEN-2018-131,SPP,Done,2018-11-21,2020-12-31,NPPD,ERIS/NRIS,Pierce,NE,DISIS-2018-002,02 NEBRASKA,221.40,Solar
GEN-2018-128,SPP,Done,2018-11-19,2021-09-01,WERE,ERIS/NRIS,Sumner,KS,DISIS-2018-002,03 CENTRAL,200.22,Wind
GEN-2018-125,SPP,Done,2018-11-19,2022-12-15,NPPD,ERIS/NRIS,Lincoln,NE,DISIS-2018-002,02 NEBRASKA,231.00,Wind
GEN-2018-115,SPP,Done,2018-11-21,2021-12-01,AEP,ERIS/NRIS,Lawton,OK,DISIS-2018-002,04 SOUTHEAST,250.00,Hybrid
GEN-2018-108,SPP,Done,2018-11-21,2027-12-31,ITCGP,ERIS,Barber,KS,DISIS-2018-002,03 CENTRAL,95.00,Storage
GEN-2018-106,SPP,Done,2018-11-02,2023-12-31,AEP,ERIS,Caddo,LA,DISIS-2018-002,04 SOUTHEAST,165.00,Solar
GEN-2018-099,SPP,Done,2018-11-21,2023-12-31,SPS,ERIS,Parmer,TX,DISIS-2018-002,05 SOUTHWEST,300.00,Wind
GEN-2018-089,SPP,Done,2018-11-21,2023-12-31,SPS,ERIS,Castro,TX,DISIS-2018-002,05 SOUTHWEST,196.00,Wind
GEN-2018-082,SPP,Done,2018-11-18,2023-12-31,AEP,ERIS,Pittsburg,OK,DISIS-2018-002,04 SOUTHEAST,215.00,Wind
GEN-2018-079,SPP,Done,2018-11-18,2023-12-31,AEP,ERIS,Craig/Novata,OK,DISIS-2018-002,04 SOUTHEAST,148.00,Solar
GEN-2018-074,SPP,Done,2018-10-31,2022-05-10,WAPA,ERIS,Crawford and Carrol ,IA,DISIS-2018-002,01 NORTH,72.00,Wind
GEN-2018-072,SPP,Done,2018-10-26,2021-11-30,OGE,ERIS/NRIS,Kay,OK,DISIS-2018-002,04 SOUTHEAST,151.00,Storage
GEN-2018-071,SPP,Done,2018-10-25,2021-11-30,OGE,ERIS/NRIS,Kay,OK,DISIS-2018-002,04 SOUTHEAST,151.00,Storage
GEN-2018-067,SPP,Done,2018-10-25,2020-10-30,MWEC,ERIS,Williams,ND,DISIS-2018-002,01 NORTH,255.00,Wind
GEN-2018-064,SPP,Done,2018-10-24,2021-06-30,GRDA,ERIS/NRIS,Benton County,AR,DISIS-2018-002,04 SOUTHEAST,80.00,Solar
GEN-2018-057,SPP,Done,2018-05-29,2029-05-15,WERE,ERIS/NRIS,Sedgwick,KS,DISIS-2018-001,03 CENTRAL,203.40,Solar
GEN-2018-055,SPP,Done,2018-05-29,2020-12-31,AEP,ERIS/NRIS,Grady,OK,DISIS-2018-001,04 SOUTHEAST,252.00,Solar
GEN-2018-052,SPP,Done,2018-05-29,2021-12-31,SPS,ERIS,Lea,NM,DISIS-2018-001,05 SOUTHWEST,70.00,Storage
GEN-2018-050,SPP,Done,2018-05-29,2021-12-31,AEP,ERIS,Caddo,LA,DISIS-2018-001,04 SOUTHEAST,200.00,Solar
GEN-2018-049,SPP,Done,2018-05-29,2021-12-31,ITCGP,ERIS,Sumner,KS,DISIS-2018-001,03 CENTRAL,120.00,Solar
GEN-2018-048,SPP,Done,2018-05-29,2021-12-31,OGE,ERIS,Caddo,OK,DISIS-2018-001,04 SOUTHEAST,300.00,Solar
GEN-2018-043,SPP,Done,2018-05-29,2021-12-31,OPPD,ERIS,Burt,NE,DISIS-2018-001,02 NEBRASKA,500.00,Solar
GEN-2018-037,SPP,Done,2018-05-29,2024-12-31,OPPD,ERIS,Douglas,NE,DISIS-2018-001,02 NEBRASKA,100.00,Storage
GEN-2018-033,SPP,Done,2018-05-29,2023-12-31,OPPD,ERIS,Cass,NE,DISIS-2018-001,02 NEBRASKA,200.00,Storage
GEN-2018-031,SPP,Done,2018-05-29,2024-12-31,INDN,ERIS,Jackson,MO,DISIS-2018-001,03 CENTRAL,50.00,Storage
GEN-2018-029,SPP,Done,2018-05-29,2023-10-15,OGE,ERIS,Oklahoma,OK,DISIS-2018-001,04 SOUTHEAST,100.00,Storage
GEN-2018-028,SPP,Done,2018-05-29,2023-10-15,AEP,ERIS,Tulsa,OK,DISIS-2018-001,04 SOUTHEAST,200.00,Storage
GEN-2018-027,SPP,Done,2018-05-29,2024-12-31,AEP,ERIS,Tulsa,OK,DISIS-2018-001,04 SOUTHEAST,100.00,Storage
GEN-2018-026,SPP,Done,2018-05-29,2023-10-15,OGE,ERIS,Canadian,OK,DISIS-2018-001,04 SOUTHEAST,100.00,Storage
GEN-2018-025,SPP,Done,2018-05-29,2023-10-15,OPPD,ERIS,Washington ,NE,DISIS-2018-001,02 NEBRASKA,200.00,Storage
GEN-2018-024,SPP,Done,2018-05-28,2023-10-15,OGE,ERIS,Muskogee,OK,DISIS-2018-001,04 SOUTHEAST,100.00,Storage
GEN-2018-015,SPP,Done,2018-04-27,2021-10-31,SPS,ERIS/NRIS,Paducah,TX,DISIS-2018-001,05 SOUTHWEST,252.00,Solar
GEN-2018-011,SPP,Done,2018-04-27,2020-12-01,WFEC,ERIS/NRIS,Kingfisher,OK,DISIS-2018-001,04 SOUTHEAST,74.10,Storage
GEN-2018-009,SPP,Done,2018-04-27,2025-07-15,SUNC,ERIS,Seward/Meade,KS,DISIS-2018-001,03 CENTRAL,150.00,Wind
GEN-2018-004,SPP,Done,2018-04-26,2019-12-31,SPS,ERIS,Lea,NM,DISIS-2018-001,05 SOUTHWEST,74.99,Solar
GEN-2018-003,SPP,Done,2018-04-25,2021-12-31,AEP,ERIS/NRIS,Bowie,TX,DISIS-2018-001,04 SOUTHEAST,150.00,Solar
GEN-2017-239,SPP,Done,2017-11-30,2023-06-01,SPS,ERIS,Yoakum,TX,DISIS-2017-002,05 SOUTHWEST,300.00,Solar
GEN-2017-234,SPP,Done,2017-11-06,2019-12-31,NPPD,ERIS,Greeley,NE,DISIS-2017-002,02 NEBRASKA,115.00,Wind
GEN-2017-233,SPP,Done,2017-11-28,2020-12-01,OGE,ERIS/NRIS,Grady,OK,DISIS-2017-002,04 SOUTHEAST,215.00,Wind
GEN-2017-232,SPP,Done,2017-11-28,2020-06-01,OGE,ERIS/NRIS,Bryan County,OK,DISIS-2017-002,04 SOUTHEAST,52.20,Solar
GEN-2017-231,SPP,Done,2017-11-28,2020-06-01,OGE,ERIS/NRIS,Franklin County,AR,DISIS-2017-002,04 SOUTHEAST,72.50,Solar
GEN-2017-230,SPP,Done,2017-11-28,2020-06-01,OGE,ERIS/NRIS,Lincoln County,OK,DISIS-2017-002,04 SOUTHEAST,72.50,Solar
GEN-2017-227,SPP,Done,2017-11-30,2020-12-31,WERE,ERIS/NRIS,Sedwick County,KS,DISIS-2017-002,03 CENTRAL,201.60,Storage
GEN-2017-226,SPP,Done,2017-11-30,2020-12-01,WERE,ERIS/NRIS,Sedgwick County,KS,DISIS-2017-002,03 CENTRAL,201.60,Solar
GEN-2017-222,SPP,Done,2017-11-30,2020-10-06,WAPA,ERIS,Denison,IA,DISIS-2017-002,01 NORTH,180.00,Wind
GEN-2017-221,SPP,Done,2017-11-30,2020-12-31,WERE,ERIS/NRIS,Sedgwick,KS,DISIS-2017-002,03 CENTRAL,152.00,Storage
GEN-2017-220,SPP,Done,2017-11-30,2020-12-01,WERE,ERIS/NRIS,Sedgwick,KS,DISIS-2017-002,03 CENTRAL,201.60,Solar
GEN-2017-215,SPP,Done,2017-11-30,2020-12-01,BEPC,ERIS/NRIS,Ward,ND,DISIS-2017-002,01 NORTH,100.00,Wind
GEN-2017-214,SPP,Done,2017-11-30,2020-12-01,BEPC,ERIS/NRIS,Ward,ND,DISIS-2017-002,01 NORTH,100.00,Wind
GEN-2017-201,SPP,Done,2017-11-30,2022-12-01,NPPD,ERIS/NRIS,Wayne County,NE,DISIS-2017-002,02 NEBRASKA,250.00,Wind
GEN-2017-198,SPP,Done,2017-11-30,2022-12-01,OPPD,ERIS,Omaha,NE,DISIS-2017-002,02 NEBRASKA,11.64,Storage
GEN-2017-196,SPP,Done,2017-11-30,2020-12-01,KCPL,ERIS/NRIS,Johnson,KS,DISIS-2017-002,03 CENTRAL,128.00,Storage
GEN-2017-195,SPP,Done,2017-11-30,2020-12-01,KCPL,ERIS/NRIS,Johnson,KS,DISIS-2017-002,03 CENTRAL,500.40,Solar
GEN-2017-188,SPP,Done,2017-11-30,2020-12-31,EDE,ERIS,Barry,MO,DISIS-2017-002,03 CENTRAL,130.00,Solar
GEN-2017-187,SPP,Done,2017-11-30,2020-12-31,SPS,ERIS,Terry,TX,DISIS-2017-002,05 SOUTHWEST,150.00,Solar
GEN-2017-184,SPP,Done,2017-11-29,2021-12-01,KCPL,ERIS/NRIS,Hodgeman/Ford,KS,DISIS-2017-002,03 CENTRAL,400.00,Solar
GEN-2017-183,SPP,Done,2017-11-29,2021-12-01,KCPL,ERIS/NRIS,Hodgeman/Ford,KS,DISIS-2017-002,03 CENTRAL,400.00,Wind
GEN-2017-182,SPP,Done,2017-11-29,2020-12-01,NPPD,ERIS/NRIS,Lancaster,NE,DISIS-2017-002,02 NEBRASKA,128.00,Wind
GEN-2017-181,SPP,Done,2017-11-29,2020-12-01,NPPD,ERIS/NRIS,Lancaster,NE,DISIS-2017-002,02 NEBRASKA,300.00,Wind
GEN-2017-178,SPP,Done,2017-11-29,2020-12-31,OGE,ERIS/NRIS,Garfield,OK,DISIS-2017-002,04 SOUTHEAST,52.00,Storage
GEN-2017-175,SPP,Done,2017-11-29,2023-09-30,WAPA,ERIS,Turner,SD,DISIS-2017-002,01 NORTH,270.00,Wind
GEN-2017-173,SPP,Done,2017-11-29,2020-12-01,AEP,ERIS/NRIS,Stephen,OK,DISIS-2017-002,04 SOUTHEAST,50.00,Solar
GEN-2017-172,SPP,Done,2017-11-29,2020-12-01,AEP,ERIS/NRIS,Stephen,OK,DISIS-2017-002,04 SOUTHEAST,50.00,Solar
GEN-2017-171,SPP,Done,2017-11-29,2020-12-01,AEP,ERIS/NRIS,Stephen,OK,DISIS-2017-002,04 SOUTHEAST,150.00,Solar
GEN-2017-164,SPP,Done,2017-11-29,2020-12-01,OGE,ERIS/NRIS,Garfield,OK,DISIS-2017-002,04 SOUTHEAST,250.00,Solar
GEN-2017-158,SPP,Done,2017-11-29,2020-12-31,SPS,ERIS,Parmer/Castro,TX,DISIS-2017-002,05 SOUTHWEST,265.00,Wind
GEN-2017-151,SPP,Done,2017-11-28,2020-10-31,SPS,ERIS,Crosby,TX,DISIS-2017-002,05 SOUTHWEST,300.00,Wind
GEN-2017-150,SPP,Done,2017-11-28,2020-12-01,OGE,ERIS/NRIS,Grady,OK,DISIS-2017-002,04 SOUTHEAST,250.00,Solar
GEN-2017-149,SPP,Done,2017-11-27,2020-12-01,OGE,ERIS/NRIS,Johnston,OK,DISIS-2017-002,04 SOUTHEAST,258.00,Wind
GEN-2017-146,SPP,Done,2017-11-27,2020-10-31,SPS,ERIS,Castro,TX,DISIS-2017-002,05 SOUTHWEST,151.80,Wind
GEN-2017-144,SPP,Done,2017-11-27,2021-12-31,NPPD,ERIS,"Holt, Antelope, Wheeler",NE,DISIS-2017-002,02 NEBRASKA,200.00,Wind
GEN-2017-141,SPP,Done,2017-11-22,2020-12-01,AEP,ERIS/NRIS,Wagoner,OK,DISIS-2017-002,04 SOUTHEAST,241.70,Solar
GEN-2017-140,SPP,Done,2017-11-22,2020-12-01,AEP,ERIS/NRIS,Wagoner,OK,DISIS-2017-002,04 SOUTHEAST,160.00,Solar
GEN-2017-137,SPP,Done,2017-11-22,2020-12-01,OGE,ERIS/NRIS,Oklahoma,OK,DISIS-2017-002,04 SOUTHEAST,295.00,Wind
GEN-2017-134,SPP,Done,2017-11-22,2020-12-01,OGE,ERIS/NRIS,Oklahoma,OK,DISIS-2017-002,04 SOUTHEAST,250.00,Wind
GEN-2017-133,SPP,Done,2017-11-22,2020-12-01,OGE,ERIS/NRIS,Oklahoma,OK,DISIS-2017-002,04 SOUTHEAST,200.00,Wind
GEN-2017-121,SPP,Done,2017-11-17,2021-12-01,WERE,ERIS/NRIS,Sumner,KS,DISIS-2017-002,03 CENTRAL,200.00,Wind
GEN-2017-117,SPP,Done,2017-11-17,2020-12-01,WFEC,ERIS/NRIS,Canadian,OK,DISIS-2017-002,04 SOUTHEAST,19.80,Storage
GEN-2017-108,SPP,Done,2017-08-26,2022-12-01,KCPL,ERIS/NRIS,Henry County,MO,DISIS-2017-002,03 CENTRAL,400.00,Solar
GEN-2017-105,SPP,Done,2017-07-12,2018-12-15,OPPD,ERIS/NRIS,Burt County,NE,DISIS-2017-002,02 NEBRASKA,75.00,Wind
GEN-2017-100,SPP,Done,2017-05-31,2019-12-31,SPS,ERIS/NRIS,Texas County,OK,DISIS-2017-001,05 SOUTHWEST,102.60,Solar
GEN-2017-097,SPP,Done,2017-05-31,2022-01-09,WAPA,ERIS,Pennington County,SD,DISIS-2017-001,01 NORTH,128.00,Solar
GEN-2017-094,SPP,Done,2017-05-24,2020-10-06,WAPA,ERIS,Wessington/Hand Counties,SD,DISIS-2017-001,01 NORTH,200.00,Wind
GEN-2017-092,SPP,Done,2017-05-30,2023-06-01,OGE,ERIS,Muskogee County,OK,DISIS-2017-001,04 SOUTHEAST,200.00,Solar
GEN-2017-086,SPP,Done,2017-05-25,2021-12-01,WERE,ERIS,Harper County,KS,DISIS-2017-001,03 CENTRAL,150.00,Wind
GEN-2017-082,SPP,Done,2017-05-31,2020-07-01,EDE,ERIS,Barton/Jasper Counties,MO,DISIS-2017-001,03 CENTRAL,149.40,Wind
GEN-2017-077,SPP,Done,2017-05-28,2021-12-01,AEP,ERIS,Mayes County,OK,DISIS-2017-001,04 SOUTHEAST,124.70,Solar
GEN-2017-075,SPP,Done,2017-05-28,2021-12-01,OGE,ERIS,Johnston County,OK,DISIS-2017-001,04 SOUTHEAST,200.00,Solar
GEN-2017-074,SPP,Done,2017-05-28,2021-12-01,AEP,ERIS,Mayes County,OK,DISIS-2017-001,04 SOUTHEAST,72.50,Solar
GEN-2017-073,SPP,Done,2017-05-28,2021-12-01,GRDA,ERIS,Mayes County,OK,DISIS-2017-001,04 SOUTHEAST,72.50,Solar
GEN-2017-072,SPP,Done,2017-05-28,2021-12-01,OGE,ERIS,Payne County,OK,DISIS-2017-001,04 SOUTHEAST,52.20,Solar
GEN-2017-071,SPP,Done,2017-05-28,2021-12-01,OGE,ERIS,Payne County,OK,DISIS-2017-001,04 SOUTHEAST,124.70,Solar
GEN-2017-068,SPP,Done,2017-05-30,2020-12-31,WERE,ERIS/NRIS,Sumner County,KS,DISIS-2017-001,03 CENTRAL,103.50,Solar
GEN-2017-061,SPP,Done,2017-05-28,2021-12-01,GRDA,ERIS,Mayes County,OK,DISIS-2017-001,04 SOUTHEAST,101.50,Solar
GEN-2017-060,SPP,Done,2017-05-30,2020-09-01,EDE,ERIS,Barton County,MO,DISIS-2017-001,03 CENTRAL,149.40,Wind
GEN-2017-057,SPP,Done,2017-05-30,2021-12-01,AEP,ERIS,Caddo Parish,LA,DISIS-2017-001,04 SOUTHEAST,72.50,Solar
GEN-2017-047,SPP,Done,2017-05-18,2019-12-31,SPS,ERIS/NRIS,Beaver County,OK,DISIS-2017-001,05 SOUTHWEST,102.00,Wind
GEN-2017-040,SPP,Done,2017-05-31,2020-06-01,OGE,ERIS,Ochiltree County,TX,DISIS-2017-001,04 SOUTHEAST,200.10,Solar
GEN-2017-036,SPP,Done,2017-05-31,2022-12-01,AEP,ERIS,Kiowa County,OK,DISIS-2017-001,04 SOUTHEAST,100.00,Solar
GEN-2017-033,SPP,Done,2017-05-31,2020-12-31,AEP,ERIS,Baylor County,TX,DISIS-2017-001,05 SOUTHWEST,200.00,Wind
GEN-2017-027,SPP,Done,2017-05-31,2021-11-01,OGE,ERIS,Carter County,OK,DISIS-2017-001,04 SOUTHEAST,140.00,Wind
GEN-2017-023,SPP,Done,2017-05-31,,WFEC,ERIS/NRIS,Choctaw County,OK,DISIS-2017-001,04 SOUTHEAST,85.00,Solar
GEN-2017-022,SPP,Done,2017-05-31,2019-12-01,WERE,ERIS/NRIS,Wilson County,KS,DISIS-2017-001,03 CENTRAL,65.00,Solar
GEN-2017-018,SPP,Done,2017-05-30,2020-12-31,ITCGP,ERIS/NRIS,Barber County,KS,DISIS-2017-001,03 CENTRAL,189.00,Solar
GEN-2017-014,SPP,Done,2017-05-22,2020-12-01,WAPA,ERIS,Haakon County,SD,DISIS-2017-001,01 NORTH,300.00,Wind
GEN-2017-010,SPP,Done,2017-04-14,2022-10-31,BEPC,ERIS,Bowman County,ND,DISIS-2017-001,01 NORTH,200.10,Wind
GEN-2017-009,SPP,Done,2017-04-14,2020-10-31,WERE,ERIS,Neoshoe County,KS,DISIS-2017-001,03 CENTRAL,302.00,Wind
GEN-2017-005,SPP,Done,2017-04-14,2020-12-31,WERE,ERIS,Bourbon and Crawford Counties,OK,DISIS-2017-001,03 CENTRAL,190.00,Wind
GEN-2017-004,SPP,Done,2017-04-14,2021-12-31,ITCGP,ERIS,Cloud County,KS,DISIS-2017-001,03 CENTRAL,201.60,Wind
GEN-2016-177,SPP,Done,2017-01-23,,SPS,ERIS,Gaines,TX,DISIS-2016-002-1,05 SOUTHWEST,17.00,Thermal
GEN-2016-176,SPP,Done,2016-12-15,2019-12-31,WERE,ERIS,Nemaha County,KS,DISIS-2016-002-1,03 CENTRAL,302.00,Wind
GEN-2016-174,SPP,Done,2016-11-30,2019-09-15,WERE,ERIS,Nemaha,KS,DISIS-2016-002-1,03 CENTRAL,302.00,Wind
GEN-2016-167,SPP,Done,2016-11-29,2023-09-01,AEP,ERIS/NRIS,Caddo Parish,LA,DISIS-2016-002-1,04 SOUTHEAST,73.50,Solar
GEN-2016-160,SPP,Done,2016-11-21,2023-10-02,MIDW,ERIS/NRIS,Ellis,KS,DISIS-2016-002-1,03 CENTRAL,20.00,Storage
GEN-2016-153,SPP,Done,2016-11-30,2019-10-30,WERE,ERIS,Harper County,KS,DISIS-2016-002-1,03 CENTRAL,134.00,Wind
GEN-2016-151,SPP,Done,2016-11-30,2019-09-15,BEPC,ERIS,Burke,ND,DISIS-2016-002-1,01 NORTH,202.00,Wind
GEN-2016-150,SPP,Done,2016-11-30,2022-09-22,WERE,ERIS,Nemaha,KS,DISIS-2016-002-1,03 CENTRAL,302.00,Wind
GEN-2016-149,SPP,Done,2016-11-30,2019-09-15,WERE,ERIS,Washington,KS,DISIS-2016-002-1,03 CENTRAL,302.00,Wind
GEN-2016-147,SPP,Done,2016-11-30,2019-09-15,Tri-State,ERIS,Cheyenne,NE,DISIS-2016-002-1,02 NEBRASKA,40.00,Solar
GEN-2016-146,SPP,Done,2016-11-29,2020-09-01,AEP,ERIS,Texas,OK,DISIS-2016-002-1,04 SOUTHEAST,175.00,Wind
GEN-2016-145,SPP,Done,2016-11-29,2020-09-01,AEP,ERIS,Texas,OK,DISIS-2016-002-1,04 SOUTHEAST,175.00,Wind
GEN-2016-142,SPP,Done,2016-11-29,2020-09-01,AEP,ERIS,Texas,OK,DISIS-2016-002-1,04 SOUTHEAST,350.00,Wind
GEN-2016-141,SPP,Done,2016-11-29,2020-09-01,AEP,ERIS,Texas,OK,DISIS-2016-002-1,04 SOUTHEAST,350.00,Wind
GEN-2016-139,SPP,Done,2016-11-29,2020-09-01,AEP,ERIS,Texas,OK,DISIS-2016-002-1,04 SOUTHEAST,100.00,Wind
GEN-2016-138,SPP,Done,2016-11-29,2020-09-01,AEP,ERIS,Texas,OK,DISIS-2016-002-1,04 SOUTHEAST,187.50,Wind
GEN-2016-137,SPP,Done,2016-11-29,2020-09-01,AEP,ERIS,Texas,OK,DISIS-2016-002-1,04 SOUTHEAST,187.50,Wind
GEN-2016-134,SPP,Done,2016-11-29,2020-09-01,AEP,ERIS, Texas,OK,DISIS-2016-002-1,04 SOUTHEAST,187.50,Wind
GEN-2016-133,SPP,Done,2016-11-29,2020-09-01,AEP,ERIS,Texas,OK,DISIS-2016-002-1,04 SOUTHEAST,187.50,Wind
GEN-2016-132,SPP,Done,2016-11-30,2017-12-31,AEP,ERIS,Roger Mills,OK,DISIS-2016-002-1,04 SOUTHEAST,6.10,Wind
GEN-2016-130,SPP,Done,2016-11-30,2019-09-15,BEPC,ERIS,Mercer,ND,DISIS-2016-002-1,01 NORTH,202.00,Wind
GEN-2016-128,SPP,Done,2016-11-30,2019-09-15,OGE,ERIS,Alfalfa,OK,DISIS-2016-002-1,04 SOUTHEAST,176.00,Wind
GEN-2016-126,SPP,Done,2016-11-30,2019-12-31,OGE,ERIS/NRIS,Murray,OK,DISIS-2016-002-1,04 SOUTHEAST,172.50,Wind
GEN-2016-125,SPP,Done,2016-11-30,2019-12-31,SPS,ERIS,Roosevelt,NM,DISIS-2016-002-1,05 SOUTHWEST,74.00,Wind
GEN-2016-124,SPP,Done,2016-11-30,2019-12-31,SPS,ERIS,Roosevelt,NM,DISIS-2016-002-1,05 SOUTHWEST,150.00,Wind
GEN-2016-123,SPP,Done,2016-11-30,2019-12-31,SPS,ERIS,Roosevelt,NM,DISIS-2016-002-1,05 SOUTHWEST,298.00,Wind
GEN-2016-121,SPP,Done,2016-11-22,2022-10-01,SPS,ERIS,Lea,NM,DISIS-2016-002-1,05 SOUTHWEST,110.00,Solar
GEN-2016-119,SPP,Done,2016-11-30,2020-05-15,OGE,ERIS,Kingfisher,OK,DISIS-2016-002-1,04 SOUTHEAST,600.00,Wind
GEN-2016-118,SPP,Done,2016-11-30,2021-05-15,WFEC,ERIS,Kingfisher,OK,DISIS-2016-002-1,04 SOUTHEAST,288.00,Wind
GEN-2016-115,SPP,Done,2016-11-30,2020-11-16,GMO,ERIS,Atchison,MO,DISIS-2016-002-1,03 CENTRAL,300.00,Wind
GEN-2016-111,SPP,Done,2016-11-30,2019-09-15,WERE,ERIS,McPherson,KS,DISIS-2016-002-1,03 CENTRAL,302.00,Wind
GEN-2016-102,SPP,Done,2016-11-07,2023-11-01,OGE,ERIS/NRIS,Pontotoc,OK,DISIS-2016-002-1,04 SOUTHEAST,147.50,Wind
GEN-2016-097,SPP,Done,2016-10-19,2020-09-01,AEP,ERIS/NRIS,Caddo,OK,DISIS-2016-002-1,04 SOUTHEAST,100.00,Wind
GEN-2016-095,SPP,Done,2020-12-01,2020-09-01,AEP,ERIS/NRIS,Caddo,OK,DISIS-2016-002-1,04 SOUTHEAST,200.00,Wind
GEN-2016-094,SPP,Done,2016-10-31,2020-10-01,WAPA,ERIS,Hyde,SD,DISIS-2016-002-1,01 NORTH,200.00,Wind
GEN-2016-091,SPP,Done,2016-10-03,2020-05-06,AEP,ERIS,Caddo,OK,DISIS-2016-002-1,04 SOUTHEAST,303.60,Wind
GEN-2016-087,SPP,Done,2016-07-25,2019-11-15,WAPA,ERIS,Campbell,SD,DISIS-2016-002-1,01 NORTH,98.90,Wind
GEN-2016-075,SPP,Done,2016-03-31,2017-12-31,WAPA,ERIS,Holt,NE,DISIS-2016-001-3,02 NEBRASKA,50.00,Wind
GEN-2016-074,SPP,Done,2016-04-14,2020-10-30,NPPD,ERIS,Custer,NE,DISIS-2016-002-1,02 NEBRASKA,200.00,Wind
GEN-2016-071,SPP,Done,2016-03-30,2018-09-30,OGE,ERIS,Kay,OK,DISIS-2016-001-3,04 SOUTHEAST,64.60,Wind
GEN-2016-070,SPP,Done,2016-03-30,2016-11-01,SPS,ERIS,Carson,TX,DISIS-2016-001-3,05 SOUTHWEST,5.30,Wind
GEN-2016-068,SPP,Done,2016-03-30,2020-09-18,OGE,ERIS,Garfield,OK,DISIS-2016-001-3,04 SOUTHEAST,250.00,Wind
GEN-2016-067,SPP,Done,2016-03-31,2017-11-01,SUNC,ERIS,Thomas,KS,DISIS-2016-001-3,03 CENTRAL,73.60,Wind
GEN-2016-061,SPP,Done,2016-03-29,2017-12-01,OGE,ERIS,Garfield/Noble,OK,DISIS-2016-001-3,04 SOUTHEAST,250.70,Wind
GEN-2016-057,SPP,Done,2016-03-31,2018-08-31,OGE,ERIS,"Cimarron, Texas County",OK,DISIS-2016-001-3,04 SOUTHEAST,499.10,Wind
GEN-2016-051,SPP,Done,2016-03-30,,AEP,ERIS,Custer,OK,DISIS-2016-001-3,04 SOUTHEAST,9.80,Wind
GEN-2016-050,SPP,Done,2016-03-30,2017-12-01,NPPD,ERIS,Webster Co,NE,DISIS-2016-001-3,02 NEBRASKA,250.70,Wind
GEN-2016-047,SPP,Done,2016-03-31,2017-12-31,OGE,ERIS,Canadian,OK,DISIS-2016-001-3,04 SOUTHEAST,24.00,Thermal
GEN-2016-046,SPP,Done,2016-03-31,2018-12-01,SUNC,ERIS,Ford County,KS,DISIS-2016-001-3,03 CENTRAL,299.00,Wind
GEN-2016-045,SPP,Done,2016-03-31,2018-08-31,OGE,ERIS,"Cimarron, Texas County",OK,DISIS-2016-001-3,04 SOUTHEAST,499.10,Wind
GEN-2016-043,SPP,Done,2016-03-31,2018-09-01,NPPD,ERIS,Wayne County,NE,DISIS-2016-001-3,02 NEBRASKA,230.00,Wind
GEN-2016-037,SPP,Done,2016-03-31,2021-06-01,AEP,ERIS,Washita County,OK,DISIS-2017-001,04 SOUTHEAST,300.00,Wind
GEN-2016-036,SPP,Done,2016-03-28,2018-11-17,WAPA,ERIS,Chippewa County,MN,DISIS-2016-002-1,01 NORTH,44.60,Wind
GEN-2016-032,SPP,Done,2016-03-30,2023-02-01,OGE,ERIS/NRIS,Kingfisher Co,OK,DISIS-2016-001-3,04 SOUTHEAST,200.00,Wind
GEN-2016-030,SPP,Done,2016-03-30,2021-08-28,OGE,ERIS/NRIS,Johnston Co,OK,DISIS-2016-001-3,04 SOUTHEAST,100.00,Solar
GEN-2016-028,SPP,Done,2016-03-29,2018-12-31,AEP,ERIS,Le Flore Co,OK,DISIS-2016-001-3,04 SOUTHEAST,100.00,Wind
GEN-2016-022,SPP,Done,2016-03-31,2017-12-31,OGE,ERIS,"Newkirk, Kay County",OK,DISIS-2016-001-3,04 SOUTHEAST,151.80,Wind
GEN-2016-021,SPP,Done,2016-03-31,2018-12-01,NPPD,ERIS,Dixon County,NE,DISIS-2016-001-3,02 NEBRASKA,298.47,Wind
GEN-2016-020,SPP,Done,2016-04-01,2018-12-31,WFEC,ERIS,Woodward County,OK,DISIS-2016-001-3,04 SOUTHEAST,148.40,Wind
GEN-2016-017,SPP,Done,2016-03-29,2017-12-01,BEPC,ERIS,Hyde County,SD,DISIS-2016-001-3,01 NORTH,250.24,Wind
GEN-2016-014,SPP,Done,2016-03-29,2003-04-25,EDE,ERIS,Joplin,MO,DISIS-2016-001-3,03 CENTRAL,10.00,Thermal
GEN-2016-013,SPP,Done,2016-03-29,2003-04-25,EDE,ERIS,Joplin,MO,DISIS-2016-001-3,03 CENTRAL,10.00,Thermal
GEN-2016-009,SPP,Done,2016-03-24,2018-09-30,OGE,ERIS,Ponca City,OK,DISIS-2016-001-3,03 CENTRAL,29.00,Thermal
GEN-2016-004,SPP,Done,2016-03-10,2022-10-05,BEPC,ERIS/NRIS,Oliver,ND,DISIS-2016-001-3,01 NORTH,202.00,Wind
GEN-2016-003,SPP,Done,2016-03-15,2017-12-31,OGE,ERIS,Ellis,OK,DISIS-2016-001-3,04 SOUTHEAST,248.40,Wind
GEN-2015-096,SPP,Done,2015-10-19,2017-12-31,BEPC,ERIS,Hettinger County,ND,DISIS-2015-002-7,01 NORTH,150.00,Wind
GEN-2015-090,SPP,Done,2015-09-29,2017-12-01,WERE,ERIS,Pratt,KS,DISIS-2015-002-7,03 CENTRAL,220.00,Wind
GEN-2015-089,SPP,Done,2015-10-13,2017-06-30,WAPA,ERIS,Bon Homme,SD,DISIS-2016-001-3,01 NORTH,200.00,Wind
GEN-2015-088,SPP,Done,2015-09-30,2019-01-01,NPPD,ERIS/NRIS,Saline,NE,DISIS-2015-002-7,02 NEBRASKA,300.00,Wind
GEN-2015-082,SPP,Done,2015-09-28,2017-12-01,OGE,ERIS,Beaver,OK,DISIS-2016-001-3,05 SOUTHWEST,200.00,Wind
GEN-2015-073,SPP,Done,2015-09-28,2018-12-31,WERE,ERIS/NRIS,Lyon County,KS,DISIS-2015-002-7,03 CENTRAL,200.10,Wind
GEN-2015-069,SPP,Done,2015-09-21,2017-12-01,WERE,ERIS,Dickenson / Marion Counties,KS,DISIS-2015-002-7,03 CENTRAL,300.00,Wind
GEN-2015-066,SPP,Done,2015-10-07,2017-12-01,OGE,ERIS,Pawnee,OK,DISIS-2015-002-7,04 SOUTHEAST,219.96,Wind
GEN-2015-065,SPP,Done,2015-10-07,2017-11-01,SUNC,ERIS,Thomas County,KS,DISIS-2015-002-7,03 CENTRAL,202.40,Wind
GEN-2015-064,SPP,Done,2015-10-07,2017-11-01,SUNC,ERIS,Thomas County,KS,DISIS-2015-002-7,03 CENTRAL,197.80,Wind
GEN-2015-063,SPP,Done,2015-10-06,2017-12-01,OGE,ERIS,Kingfisher County,OK,DISIS-2015-002-7,04 SOUTHEAST,300.00,Wind
GEN-2015-057,SPP,Done,2015-10-06,2016-12-01,OGE,ERIS,Grady County,OK,DISIS-2015-002-7,04 SOUTHEAST,100.00,Wind
GEN-2015-052,SPP,Done,2015-10-05,2017-12-01,WERE,ERIS,Sumner,KS,DISIS-2015-002-7,03 CENTRAL,300.00,Wind
GEN-2015-048,SPP,Done,2015-10-05,2017-12-01,OGE,ERIS,"Major County, OK",OK,DISIS-2015-002-7,04 SOUTHEAST,200.00,Wind
GEN-2015-047,SPP,Done,2015-10-05,2017-12-01,OGE,ERIS,Noble County,OK,DISIS-2015-002-7,04 SOUTHEAST,300.00,Wind
GEN-2015-046,SPP,Done,2015-10-05,2017-12-01,BEPC,ERIS,Williams County,ND,DISIS-2015-002-7,01 NORTH,300.00,Wind
GEN-2015-045,SPP,Done,2015-10-05,2017-12-01,AEP,ERIS,Grady County,OK,DISIS-2015-002-7,04 SOUTHEAST,10.30,Storage
GEN-2015-041,SPP,Done,2015-09-30,2015-07-01,SPS,ERIS,Hale County,TX,DISIS-2016-001,05 SOUTHWEST,5.00,Thermal
GEN-2015-036,SPP,Done,2015-09-10,2017-12-31,OGE,ERIS,Johnston County,OK,DISIS-2016-001-3,04 SOUTHEAST,303.60,Wind
GEN-2015-034,SPP,Done,2015-08-28,2017-10-31,OGE,ERIS,Kay County,OK,DISIS-2015-002-7,04 SOUTHEAST,200.00,Wind
GEN-2015-025,SPP,Done,2015-03-26,2016-12-31,WERE,ERIS,Pratt,KS,DISIS-2015-001-4,03 CENTRAL,220.00,Wind
GEN-2015-024,SPP,Done,2015-03-26,2016-12-31,WERE,ERIS,Pratt County,KS,DISIS-2015-001-4,03 CENTRAL,220.00,Wind
GEN-2015-023,SPP,Done,2015-03-31,2019-12-31,NPPD,ERIS/NRIS,Antelope & Wheeler County,NE,DISIS-2015-001-4,02 NEBRASKA,300.70,Wind
GEN-2015-021,SPP,Done,2015-04-01,2016-12-31,SUNC,ERIS/NRIS,Stanton,KS,DISIS-2015-001-4,03 CENTRAL,20.00,Solar
GEN-2015-016,SPP,Done,2015-03-20,2017-12-31,KCPL,ERIS/NRIS,Allen County,KS,DISIS-2015-001-4,03 CENTRAL,200.00,Wind
GEN-2015-015,SPP,Done,2015-03-27,2016-07-31,OGE,ERIS/NRIS,Grant County,OK,DISIS-2015-001-4,04 SOUTHEAST,154.56,Wind
GEN-2015-014,SPP,Done,2015-03-31,2016-12-01,SPS,ERIS,Cochran County,TX,DISIS-2015-001-4,05 SOUTHWEST,150.00,Wind
GEN-2015-013,SPP,Done,2015-03-31,2016-12-01,WFEC,ERIS/NRIS,Kiowa County,OK,DISIS-2015-001-4,04 SOUTHEAST,120.00,Solar
GEN-2015-007,SPP,Done,2015-03-25,2019-11-08,NPPD,ERIS,Wayne County,NE,DISIS-2015-001-4,02 NEBRASKA,160.00,Wind
GEN-2015-005,SPP,Done,2015-03-25,2017-12-31,GMO,ERIS,DeKalb County,MO,DISIS-2015-001-4,03 CENTRAL,200.10,Wind
GEN-2015-001,SPP,Done,2015-03-04,2016-12-31,OGE,ERIS,Kay,OK,DISIS-2015-001-4,04 SOUTHEAST,200.00,Wind
GEN-2014-001IS,SPP,Done,2015-11-24,2015-12-15,WAPA,ERIS,Butte,SD,DISIS-2015-002 Prior Queued,01 NORTH,103.24,Wind
FEUS-5,SPP,Active,2025-09-15,2028-12-01,FEUS,ERIS/NRIS,La Plata,NM,RTOE Transitional Cluster,,85.00,Thermal
FEUS-4,SPP,Done,2025-06-15,2028-12-01,FEUS,ERIS/NRIS,Bloomfield,NM,RTOE Transitional Cluster,,60.00,Thermal
FEUS-3,SPP,Active,2025-06-06,2030-10-01,FEUS,ERIS/NRIS,Kirtland,NM,RTOE Transitional Cluster,,180.00,Thermal
FEUS-2,SPP,Done,2025-02-21,2026-10-01,FEUS,ERIS/NRIS,Kirtland,NM,RTOE Transitional Cluster,,60.00,Thermal
FEUS-1,SPP,Active,2024-05-27,2027-06-01,FEUS,ERIS/NRIS,Bloomfield,NM,RTOE Transitional Cluster,,60.00,Thermal
ERAS-2025-036,SPP,Active,2025-10-02,2029-06-30,SPS,ERIS/NRIS,Amarillo,TX,ERAS-2025-001,05 SOUTHWEST,140.00,Storage
ERAS-2025-035,SPP,Active,2025-10-02,2029-06-14,NWPS,ERIS/NRIS,Aberdeen,SD,ERAS-2025-001,01 NORTH,137.96,Thermal
ERAS-2025-034,SPP,Active,2025-09-29,2029-12-03,EMDE,ERIS/NRIS,Joplin,MO,ERAS-2025-001,03 CENTRAL,250.00,Thermal
ERAS-2025-033,SPP,Active,2025-10-01,2027-03-15,SEPC,ERIS/NRIS,Dodge City,KS,ERAS-2025-001,03 CENTRAL,150.00,Hybrid
ERAS-2025-032,SPP,Active,2025-10-01,2025-03-02,SEPC,ERIS/NRIS,St. John,KS,ERAS-2025-001,03 CENTRAL,150.00,Hybrid
ERAS-2025-031,SPP,Active,2025-10-02,2028-02-29,KACY,ERIS/NRIS,Kansas City,KS,ERAS-2025-001,03 CENTRAL,150.00,Thermal
ERAS-2025-030,SPP,Active,2025-10-02,2029-11-01,SPS,ERIS/NRIS,Roswell,NM,ERAS-2025-001,05 SOUTHWEST,350.00,Hybrid
ERAS-2025-029,SPP,Active,2025-10-02,2026-11-02,KACY,ERIS/NRIS,Kansas City,KS,ERAS-2025-001,03 CENTRAL,170.00,Storage
ERAS-2025-028,SPP,Active,2025-10-02,2029-11-18,SPS,ERIS/NRIS,Levelland,TX,ERAS-2025-001,05 SOUTHWEST,384.00,Solar
ERAS-2025-027,SPP,Active,2025-10-02,2028-02-29,SPS,ERIS/NRIS,Denver City,TX,ERAS-2025-001,05 SOUTHWEST,250.00,Storage
ERAS-2025-026,SPP,Active,2025-10-02,2029-04-01,AEP,ERIS/NRIS,Lawton,OK,ERAS-2025-001,05 SOUTHWEST,744.00,Thermal
ERAS-2025-025,SPP,Active,2025-10-02,2027-05-01,WFEC,ERIS/NRIS,Fort Cobb,OK,ERAS-2025-001,04 SOUTHEAST,175.00,Solar
ERAS-2025-024,SPP,Active,2025-10-02,2029-04-01,AEP,ERIS/NRIS,Lawton,OK,ERAS-2025-001,04 SOUTHEAST,744.00,Thermal
ERAS-2025-023,SPP,Active,2025-10-02,2029-11-01,AEP,ERIS/NRIS,Oologah,OK,ERAS-2025-001,04 SOUTHEAST,510.00,Thermal
ERAS-2025-022,SPP,Active,2025-10-01,2028-01-15,PEC,ERIS/NRIS,Ada,OK,ERAS-2025-001,04 SOUTHEAST,123.00,Storage
ERAS-2025-021,SPP,Active,2025-10-02,2030-06-14,SPS,ERIS/NRIS,Hale Center,TX,ERAS-2025-001,05 SOUTHWEST,500.00,Wind
ERAS-2025-020,SPP,Active,2025-10-02,2029-11-01,SPS,ERIS/NRIS,Lovington,NM,ERAS-2025-001,05 SOUTHWEST,400.00,Hybrid
ERAS-2025-019,SPP,Active,2025-10-02,2028-10-02,MIDW,ERIS/NRIS,Kinsley,KS,ERAS-2025-001,03 CENTRAL,80.00,Solar
ERAS-2025-018,SPP,Active,2025-10-02,2029-11-21,SPS,ERIS/NRIS,Portales,NM,ERAS-2025-001,05 SOUTHWEST,256.00,Hybrid
ERAS-2025-017,SPP,Active,2025-09-24,2029-05-17,SEPC,ERIS/NRIS,Garden City,KS,ERAS-2025-001,03 CENTRAL,600.00,Thermal
ERAS-2025-016,SPP,Active,2025-10-02,2028-10-31,SPS,ERIS/NRIS,Earth,TX,ERAS-2025-001,05 SOUTHWEST,232.50,Thermal
ERAS-2025-015,SPP,Active,2025-09-25,2029-05-15,SEPC,ERIS/NRIS,Garden City,KS,ERAS-2025-001,03 CENTRAL,400.00,Hybrid
ERAS-2025-014,SPP,Active,2025-10-02,2028-05-31,SPS,ERIS/NRIS,Hobbs,NM,ERAS-2025-001,05 SOUTHWEST,159.50,Thermal
ERAS-2025-013,SPP,Active,2025-09-30,2029-04-01,WERE,ERIS/NRIS,Maryville ,MO,ERAS-2025-001,03 CENTRAL,450.60,Thermal
ERAS-2025-012,SPP,Active,2025-10-01,2029-09-27,BEPC,ERIS/NRIS,Stanton,ND,ERAS-2025-001,01 NORTH,750.00,Thermal
ERAS-2025-011,SPP,Active,2025-10-01,2029-09-27,BEPC,ERIS/NRIS,Stanton,ND,ERAS-2025-001,01 NORTH,750.00,Thermal
ERAS-2025-010,SPP,Active,2025-09-10,2028-04-01,OGE,ERIS/NRIS,Harrah,OK,ERAS-2025-001,04 SOUTHEAST,496.00,Thermal
ERAS-2025-009,SPP,Active,2025-10-01,2026-08-01,GRDA,ERIS/NRIS,Chouteau,OK,ERAS-2025-001,04 SOUTHEAST,450.00,Thermal
ERAS-2025-008,SPP,Active,2025-09-30,2028-04-01,WERE,ERIS/NRIS,Conway Springs,KS,ERAS-2025-001,03 CENTRAL,721.10,Thermal
ERAS-2025-007,SPP,Active,2025-10-02,2030-01-01,WERE,ERIS/NRIS,Maryville ,MO,ERAS-2025-001,03 CENTRAL,450.60,Thermal
ERAS-2025-006,SPP,Active,2025-09-30,2029-04-01,WERE,ERIS/NRIS,Reno,KS,ERAS-2025-001,03 CENTRAL,717.80,Thermal
ERAS-2025-005,SPP,Active,2025-09-10,2029-03-01,AEP,ERIS/NRIS,Yell County,AR,ERAS-2025-001,04 SOUTHEAST,150.00,Hybrid
ERAS-2025-004,SPP,Active,2025-09-30,2029-04-01,OGE,ERIS/NRIS,Harrah,OK,ERAS-2025-001,04 SOUTHEAST,779.00,Thermal
ERAS-2025-003,SPP,Active,2025-09-10,2025-10-24,OGE,ERIS/NRIS,Luther,OK,ERAS-2025-001,04 SOUTHEAST,186.00,Thermal
ERAS-2025-002,SPP,Active,2025-09-12,2026-07-31,SPS,ERIS/NRIS,Abernathy,TX,ERAS-2025-001,05 SOUTHWEST,217.00,Thermal
ERAS-2025-001 ,SPP,Active,2025-09-15,2029-01-29,LES,ERIS/NRIS,Lancaster,NE,ERAS-2025-001,02 NEBRASKA,104.00,Thermal
CSUT-2025-8,SPP,Active,2025-03-03,2028-01-29,CSU,ERIS/NRIS,El Paso,CO,RTOE Transitional Cluster,,100.00,Storage
CSUT-2025-7,SPP,Active,2025-03-03,2028-03-15,CSU,ERIS/NRIS,El Paso,CO,RTOE Transitional Cluster,,412.00,Thermal
CSUT-2025-6,SPP,Active,2025-03-03,2027-12-31,CSU,ERIS/NRIS,El Paso,CO,RTOE Transitional Cluster,,100.00,Storage
CSUT-2025-2,SPP,Active,2025-03-03,2028-12-01,CSU,ERIS/NRIS,El Paso,CO,RTOE Transitional Cluster,,100.00,Solar
CSUT-2025-1,SPP,Active,2025-03-03,2027-12-31,CSU,ERIS/NRIS,Lincoln,CO,RTOE Transitional Cluster,,500.00,Wind
CSU-2023-002,SPP,Done,2023-04-21,2025-07-01,CSU,ERIS/NRIS,El Paso,CO,RTOE Transitional Cluster,,100.00,Storage
CSU-2020-3,SPP,Active,2020-06-20,2025-09-01,CSU,ERIS/NRIS,El Paso,CO,RTOE Transitional Cluster,,200.00,Hybrid
CSU-2020-002,SPP,Done,2020-07-08,2023-06-07,CSU,ERIS/NRIS,El Paso,CO,RTOE Transitional Cluster,,178.00,Thermal
CSU-2020-001,SPP,Done,2020-07-06,2023-10-31,CSU,ERIS/NRIS,El Paso,CO,RTOE Transitional Cluster,,175.00,Solar
CSU-2018-001,SPP,Done,2018-04-04,2019-12-31,CSU,ERIS/NRIS,El Paso,CO,RTOE Transitional Cluster,,60.00,Solar
CPP-2028-001,SPP,Active,2026-04-01,2030-01-31,NEET,ERIS,Houston,TX,ICS-2028-001,,400.00,Hybrid
AFS NJG-2025-003,SPP,Active,2025-11-19,2030-12-31,MRES,,Moorhead,MN,,,5.65,Thermal
24-03011,SPP,Active,2024-03-01,2027-01-01,PRPA,ERIS,Loveland,CO,RTOE Transitional Cluster,,130.00,Storage
22-07251,SPP,Active,2022-07-25,2028-03-01,PRPA,ERIS,Wellington,CO,RTOE Transitional Cluster,,250.00,Thermal
21-11157,SPP,Active,2021-11-15,2026-12-01,PRPA,ERIS,Fort Collins,CO,RTOE Transitional Cluster,,125.00,Storage
21-11121,SPP,Active,2021-11-12,2025-12-31,PRPA,ERIS,Mead,CO,RTOE Transitional Cluster,,150.00,Hybrid
21-08242,SPP,Active,2021-08-24,2025-12-31,PRPA,ERIS,Cheyenne,CO,RTOE Transitional Cluster,,350.00,Wind
2025-G1,SPP,Active,2025-01-14,2028-01-01,WAPA,ERIS/NRIS,"Weld County,",CO,RTOE Transitional Cluster,,250.00,Hybrid
2023-G3,SPP,Active,2022-11-18,2026-12-01,WAPA,ERIS/NRIS,Albany County,WY,RTOE Transitional Cluster,,150.00,Solar
2023-G2,SPP,Active,2022-11-18,2026-12-01,WAPA,ERIS/NRIS,Albany County,WY,RTOE Transitional Cluster,,150.00,Hybrid
2023-G1,SPP,Active,2022-10-07,2025-12-01,WAPA,ERIS/NRIS,Scotts Bluff County,NE,RTOE Transitional Cluster,,400.00,Hybrid
2022-G7,SPP,Active,2022-05-26,2025-05-28,WAPA,ERIS/NRIS,Weld County,CO,RTOE Transitional Cluster,,80.00,Solar
2019-G3,SPP,Done,2018-12-12,2021-12-01,WAPA,ERIS/NRIS,Weld County,CO,RTOE Transitional Cluster,,150.00,Solar
2019-G2,SPP,Done,2018-11-07,2028-12-31,WAPA,ERIS/NRIS,Albany County,WY,RTOE Transitional Cluster,,252.00,Wind
2019-G1,SPP,Done,2018-11-07,2028-12-31,WAPA,ERIS/NRIS,Albany County,WY,RTOE Transitional Cluster,,252.00,Wind
2018-G6,SPP,Active,2018-09-10,2022-12-31,WAPA,ERIS/NRIS,San Juan County,NM,RTOE Transitional Cluster,,360.00,Hybrid
2017-G2,SPP,Active,2017-01-17,2020-09-15,WAPA,ERIS/NRIS,Banner County,NE,RTOE Transitional Cluster,,130.00,Wind
